comuna,tipo_propiedad,metros_totales,metros_construidos,dormitorios,banos,estacionamientos,antiguedad_anos,piso,orientacion,gastos_comunes,cercania_metro,ascensor,precio
Maipú,Casa,128.77105376500566,113.51718970937566,3,3,1,37,1,Suroriente,134629.2440715815,True,False,100515000.0
Santiago Centro,Casa,189.42955607220912,133.42374705632687,4,4,1,3,1,Sur,73864.26567961663,True,False,340258000.0
Recoleta,Casa,181.5080656728573,97.73583132646962,3,3,3,14,1,Suroriente,174821.72809380386,True,False,139247000.0
San Miguel,Casa,161.80305255797617,57.25533281581693,5,4,3,23,1,Oeste,154698.37576021874,True,False,130392000.0
Huechuraba,Departamento,30.0,30.0,2,3,0,24,22,Nororiente,220477.2954762646,False,False,29503000.0
La Florida,Departamento,156.4771383317907,94.5567851240308,5,1,0,0,24,Nororiente,159073.0447928886,True,False,103726000.0
Recoleta,Casa,109.09480508130287,25.0,1,4,1,6,1,Norponiente,71955.51822169808,False,False,25246000.0
Vitacura,Casa,169.7928764359247,54.152421507333585,3,4,0,30,1,Norponiente,146518.45304545958,True,False,144869000.0
Maipú,Departamento,132.80807292169123,68.94821875092106,2,4,0,11,12,Oeste,169401.08367579282,False,False,64226000.0
Conchalí,Departamento,119.00591948555675,119.00591948555675,3,4,1,4,12,Sur,171973.9407062673,True,True,144163000.0
Ñuñoa,Departamento,152.0451924704618,143.20732345224857,3,1,0,37,11,Suroriente,81157.89260546319,False,False,120013000.0
Maipú,Departamento,111.4043314464121,111.4043314464121,4,4,0,11,8,Surponiente,75183.11488222625,True,False,143532000.0
Huechuraba,Casa,118.78613600540291,99.29441110735466,1,2,2,38,1,Suroriente,63018.14404454942,True,False,68288000.0
Huechuraba,Departamento,92.23880004356191,92.23880004356191,3,1,3,17,23,Norte,200236.59970694332,True,False,98934000.0
La Florida,Casa,39.72955044077189,39.72955044077189,5,2,1,1,1,Este,151143.94119210192,True,False,64068000.0
Vitacura,Departamento,148.39267368856358,90.27212393571085,5,4,2,9,2,Nororiente,78939.06878956447,False,True,408268000.0
Santiago Centro,Departamento,79.69848401647151,79.69848401647151,4,3,3,14,11,Este,126359.44693785603,False,False,152559000.0
La Florida,Departamento,109.9604066979633,47.00403770763519,1,2,3,29,22,Norte,113815.6343299488,True,True,32572000.0
La Florida,Departamento,134.34869792269666,98.39648358567479,1,4,3,16,10,Norponiente,71370.92655171585,False,False,99212000.0
Ñuñoa,Departamento,30.0,30.0,5,2,2,3,3,Suroriente,121809.19719783016,True,True,78871000.0
La Reina,Casa,30.0,30.0,2,4,2,6,1,Nororiente,129534.76438602195,True,False,95876000.0
Vitacura,Casa,105.01307116953986,105.01307116953986,4,4,3,30,1,Este,216562.65473259497,False,False,395186000.0
Providencia,Departamento,142.72817411498278,25.0,4,4,0,38,18,Surponiente,87215.62371168635,False,False,58064000.0
La Florida,Departamento,157.20191353245806,152.31875396611696,5,3,0,33,14,Norponiente,50000.0,False,False,152846000.0
Independencia,Casa,40.434275206204646,40.434275206204646,5,2,2,5,1,Norte,67552.31323220114,True,False,60155000.0
Macul,Departamento,151.83157422064076,59.25254743719831,2,1,2,37,24,Surponiente,75367.62882838889,True,True,39269000.0
La Reina,Departamento,107.74651908418318,83.01448592760279,2,1,2,33,8,Este,98653.64119835524,False,False,72181000.0
Providencia,Casa,75.84213774517615,30.59911366876409,1,1,3,14,1,Surponiente,67674.81354364287,True,False,28822000.0
Independencia,Departamento,87.57240719703147,87.57240719703147,4,1,0,13,22,Suroriente,161106.10029094698,False,False,55186000.0
Vitacura,Departamento,160.0928666020083,76.58417108904828,4,4,2,5,13,Sur,64198.361849526016,False,False,339977000.0
Las Condes,Casa,133.70028925427857,60.454767518957226,5,2,2,36,1,Surponiente,121000.89841496151,False,False,149873000.0
Independencia,Casa,122.51532613776602,83.2777973724654,1,2,1,31,1,Norponiente,220009.60917610873,False,False,32203000.0
Conchalí,Casa,132.174786940395,132.174786940395,4,3,3,2,1,Norte,147678.4135881812,False,False,139523000.0
La Reina,Departamento,166.40488883080968,95.25833603124883,1,2,1,2,4,Este,142537.85058561797,False,True,118071000.0
Recoleta,Casa,115.14502162983383,33.61224921866132,1,2,0,21,1,Suroriente,212865.81003725802,True,False,18211000.0
Independencia,Casa,122.71594432271183,108.59923318964329,5,2,1,21,1,Sur,182282.47821184865,True,False,119944000.0
Puente Alto,Casa,176.90853700689027,52.840801827095,1,3,1,9,1,Sur,148256.21836763018,False,False,32811000.0
Las Condes,Casa,103.42066878684207,25.0,2,1,1,2,1,Norte,104463.65750277655,False,False,34059000.0
Huechuraba,Casa,150.90702976403406,149.84028850868714,2,2,3,11,1,Oeste,118865.55626051033,False,False,142953000.0
Huechuraba,Casa,94.81477596634292,94.81477596634292,3,3,0,28,1,Suroriente,116434.80661668968,True,False,109971000.0
San Miguel,Departamento,99.20663292941076,86.8691734478634,5,3,1,16,15,Suroriente,99928.72262139458,False,True,169395000.0
Conchalí,Departamento,114.79751216001817,76.17561941213205,3,4,3,6,5,Nororiente,130601.82559414623,False,True,78919000.0
Independencia,Casa,145.76364264933827,145.76364264933827,2,3,0,12,1,Norte,137537.3848523828,False,False,105894000.0
Independencia,Casa,179.70909812755343,179.70909812755343,3,1,2,1,1,Sur,57768.576642088716,True,False,153115000.0
San Miguel,Casa,124.82726317693876,107.95122074266067,5,2,1,3,1,Sur,201602.12499811492,False,False,169632000.0
Macul,Departamento,45.00815443382278,45.00815443382278,5,3,0,9,7,Surponiente,140489.8756536641,True,True,93576000.0
Macul,Departamento,151.5723146766969,83.82137924528095,1,1,1,38,7,Norte,106860.85190246912,True,False,29847000.0
San Miguel,Departamento,242.69210870728546,107.22290688376196,4,3,2,23,14,Oeste,131058.79893647287,False,False,185497000.0
Macul,Departamento,125.43344155336752,25.0,1,3,0,16,21,Nororiente,166518.44455793002,True,False,25006000.0
Ñuñoa,Departamento,34.561618041021035,34.561618041021035,5,3,3,5,18,Este,50000.0,True,True,113385000.0
Independencia,Departamento,128.48264447354256,107.45700517972315,2,3,0,18,6,Norte,114746.9636759877,True,False,79455000.0
Maipú,Departamento,119.84936984080804,119.84936984080804,2,3,3,4,4,Nororiente,60707.211256883355,False,False,104071000.0
Santiago Centro,Departamento,115.64455783188052,115.64455783188052,1,1,0,31,10,Suroriente,252850.191048781,True,True,46576000.0
Puente Alto,Departamento,167.27049499885663,94.44688641158145,5,2,3,9,18,Nororiente,126909.30238843075,False,False,101036000.0
Ñuñoa,Casa,188.9137393167862,150.58547626321433,2,2,2,8,1,Surponiente,61112.717620024676,False,False,193079000.0
Vitacura,Casa,154.17928726005414,154.17928726005414,5,2,2,26,1,Norponiente,299973.3390348696,False,False,418249000.0
Ñuñoa,Casa,113.34709576644657,91.1180582097784,2,2,2,12,1,Sur,93199.07106098055,True,False,131188000.0
Maipú,Casa,176.2839392184815,106.72748313870996,5,1,0,18,1,Surponiente,109546.00409618963,False,False,74385000.0
Vitacura,Departamento,45.30851793928797,25.0,3,4,2,20,5,Este,113160.08800073188,True,True,102932000.0
Puente Alto,Departamento,84.19719396330026,31.96106950235648,5,4,1,23,3,Norte,77602.34717154823,True,True,40026000.0
Maipú,Casa,89.76861106991352,56.47214743961925,5,1,2,37,1,Surponiente,132367.60087480713,True,False,43941000.0
Providencia,Departamento,118.45246760340328,72.25526781931787,1,1,3,3,15,Sur,50000.0,True,True,89427000.0
Santiago Centro,Casa,145.3367331243419,46.155079010477266,3,3,3,23,1,Norponiente,174294.91914386456,False,False,62097000.0
Puente Alto,Departamento,109.96435258313582,88.56018352091031,4,3,3,34,20,Surponiente,63609.75646313897,False,True,81411000.0
Independencia,Casa,74.69821027488626,73.45163329301526,1,3,0,2,1,Norponiente,99233.92388448441,True,False,59081000.0
Macul,Departamento,168.74251423480652,132.8358092535846,4,2,1,3,16,Surponiente,157575.98368430813,False,True,210242000.0
Providencia,Departamento,108.22716388976531,71.00905418065167,2,3,2,36,11,Sur,109776.94908469422,False,False,134662000.0
Conchalí,Casa,125.10644604355168,25.0,4,4,1,39,1,Oeste,111822.61264511867,False,False,18869000.0
Puente Alto,Departamento,147.5533872737954,95.03004690141681,5,2,1,34,3,Nororiente,69396.12786351144,True,False,83188000.0
Conchalí,Casa,121.94388039614735,89.43207902354644,4,3,3,30,1,Norte,224782.41087352252,False,False,72264000.0
Vitacura,Casa,122.1635847372145,55.518004743820256,1,2,3,24,1,Norte,146574.1191103295,True,False,101242000.0
Providencia,Casa,171.52367102179147,93.79999533988148,1,4,3,39,1,Norte,65860.75258654167,False,False,183777000.0
Santiago Centro,Casa,127.56847372851882,46.9894164709466,4,3,0,12,1,Sur,128909.12230289256,True,False,75508000.0
Independencia,Departamento,163.13984928952445,103.1935981449337,1,4,1,3,14,Suroriente,62326.6002674345,True,True,115254000.0
San Miguel,Departamento,147.23337221591947,147.23337221591947,1,4,1,13,2,Oeste,206120.71469947248,True,False,205692000.0
Independencia,Departamento,220.8443772093458,25.0,4,4,0,12,10,Este,129981.8980354273,False,True,30255000.0
Maipú,Casa,140.47067089345651,69.3503165196336,3,3,0,26,1,Norponiente,71222.67360464667,True,False,54734000.0
Independencia,Departamento,151.89866350753866,62.93979514203457,3,1,0,5,9,Sur,154879.53678119584,False,False,36448000.0
Recoleta,Casa,175.08283569981836,72.66960466049825,2,3,1,16,1,Suroriente,106096.21639758433,True,False,64449000.0
La Florida,Departamento,123.18088799750849,123.18088799750849,1,4,1,35,19,Este,55588.56722387596,False,True,106277000.0
San Miguel,Departamento,88.10734516352795,88.10734516352795,4,3,3,39,18,Norponiente,139052.3166950105,True,False,143880000.0
Ñuñoa,Departamento,96.29272094382716,96.29272094382716,1,4,3,34,9,Norponiente,137642.0917068947,False,False,134242000.0
Macul,Casa,96.7746537248756,91.21982019014392,5,1,1,16,1,Oeste,176886.6816283699,True,False,127345000.0
Las Condes,Departamento,72.48345159016408,37.11602720220569,1,2,3,1,13,Nororiente,123225.17784588989,True,False,71691000.0
Santiago Centro,Departamento,135.8902584600942,45.41258554960081,1,1,0,12,10,Norte,125353.01434792754,True,True,24167000.0
Providencia,Casa,88.5241725975458,88.5241725975458,3,1,2,1,1,Surponiente,128006.6518272592,False,False,165769000.0
La Florida,Departamento,129.74264106009235,96.83327593653189,4,2,3,27,14,Este,199764.14972535148,True,True,109185000.0
Santiago Centro,Casa,112.06627781446818,112.06627781446818,1,3,1,25,1,Sur,104496.32383629646,True,False,104089000.0
Providencia,Departamento,117.91892533537425,101.73048412987188,3,2,3,21,19,Este,143472.74844028658,True,True,245780000.0
Macul,Casa,147.8028323914428,42.679400266715,2,3,3,2,1,Nororiente,150837.2726007806,True,False,72205000.0
La Reina,Casa,92.90504378057261,69.12392743267381,3,3,3,34,1,Norte,137488.82596153798,False,False,136747000.0
La Reina,Departamento,151.94455229683865,112.59256598731719,3,4,2,11,15,Este,102604.76969702146,True,True,363281000.0
Conchalí,Casa,198.36539333194762,118.41329984954503,3,4,0,23,1,Nororiente,126030.20036537517,True,False,92633000.0
Santiago Centro,Casa,137.15545414758793,124.20434528618752,1,2,1,4,1,Sur,115317.11192835745,False,False,96291000.0
La Reina,Casa,80.89521573637657,48.05903547179228,1,1,2,19,1,Oeste,217960.5180055902,False,False,36109000.0
Recoleta,Casa,89.24909943301019,41.958793356923,2,2,1,38,1,Suroriente,97111.8107284347,False,False,22348000.0
San Miguel,Casa,107.58685496074422,82.40789921010317,5,3,1,38,1,Norponiente,74371.07368738859,True,False,147226000.0
Providencia,Casa,90.2554851465217,90.2554851465217,5,4,1,12,1,Sur,119689.91542834621,False,False,311393000.0
Conchalí,Departamento,70.4409845194975,62.24526716767927,5,2,2,11,21,Norte,116165.09012856636,False,True,60445000.0
Independencia,Casa,127.72036384808459,108.19887562403892,2,2,0,12,1,Norponiente,129842.17600843149,False,False,63472000.0
Providencia,Casa,108.94013341371006,108.2024455575586,5,4,1,9,1,Suroriente,97127.66988993342,True,False,461365000.0
Conchalí,Departamento,129.4860441779029,120.43090998682453,5,4,0,32,1,Sur,125518.67399664383,True,True,101103000.0
Macul,Departamento,179.3193706107644,156.5776101579284,3,4,0,39,16,Surponiente,126480.35194856056,True,True,242470000.0
Santiago Centro,Departamento,108.18235830378204,108.18235830378204,1,3,3,15,10,Sur,165299.48446800024,False,True,126095000.0
Macul,Departamento,60.72899976598444,60.72899976598444,1,4,2,34,19,Sur,124650.31918545759,True,False,74302000.0
San Miguel,Departamento,100.05537538732244,25.0,3,1,2,2,22,Surponiente,125123.75153157944,False,True,29011000.0
San Miguel,Departamento,158.5212608558321,62.85882658541029,3,2,3,4,3,Sur,145817.31898542587,False,False,90537000.0
La Florida,Departamento,153.83851353584774,93.02689176188942,3,4,3,25,5,Norponiente,163382.75315907586,False,False,111359000.0
Macul,Casa,145.93198238067833,75.53418889257371,1,4,0,10,1,Norte,70816.21061867106,True,False,95838000.0
Maipú,Casa,88.76466384189483,88.76466384189483,5,3,1,6,1,Suroriente,57383.97200665893,False,False,119558000.0
Independencia,Departamento,157.59513090163492,90.75121217265797,3,3,2,9,11,Nororiente,204773.98146919056,False,False,99215000.0
Puente Alto,Casa,168.8449539018533,116.14847521024775,2,2,1,33,1,Este,155203.7718964079,True,False,65674000.0
Macul,Casa,85.2289185055012,85.2289185055012,3,1,1,2,1,Surponiente,109030.66818352987,False,False,83343000.0
La Florida,Casa,117.92149512287378,76.13467266036712,4,2,3,7,1,Oeste,120985.09683165656,False,False,94495000.0
Vitacura,Departamento,221.02009818410562,25.0,3,4,1,30,22,Surponiente,100371.91533350866,False,False,68189000.0
Recoleta,Departamento,83.00628617683063,83.00628617683063,1,1,0,10,6,Suroriente,130564.03622207762,True,True,33585000.0
Providencia,Casa,34.74566653781376,34.74566653781376,3,1,3,6,1,Este,71408.1405297656,False,False,63488000.0
San Miguel,Departamento,189.14522172323996,40.22166400648665,4,1,1,1,8,Este,162008.3492544963,True,False,60752000.0
Vitacura,Casa,176.83023858522802,25.0,2,1,3,5,1,Oeste,128772.66993142509,True,False,45843000.0
La Florida,Casa,97.15163382112875,97.15163382112875,5,2,0,31,1,Suroriente,130581.35480166756,False,False,74887000.0
Conchalí,Casa,114.35041090659567,114.35041090659567,3,3,0,19,1,Norponiente,75302.8808660739,False,False,63360000.0
Puente Alto,Casa,58.75324749055239,58.75324749055239,4,3,1,33,1,Norte,146213.35483863179,False,False,46868000.0
Independencia,Departamento,124.44761363048511,124.44761363048511,4,4,3,15,2,Oeste,76451.41784269795,False,False,176051000.0
Independencia,Departamento,178.29568576857002,56.73992228175613,2,3,1,24,1,Norte,85392.45700456071,True,True,39767000.0
Independencia,Departamento,92.8697579120861,85.73620956341392,1,3,1,11,10,Norponiente,124381.09617208756,True,False,70603000.0
Recoleta,Casa,163.85509893931464,128.20616467603293,3,3,3,6,1,Este,245366.5949807826,False,False,169192000.0
Puente Alto,Departamento,143.1861928695216,143.1861928695216,4,3,1,38,12,Norte,128573.30666774047,True,True,142951000.0
Recoleta,Casa,148.89084454405696,43.25822741373567,2,4,0,16,1,Norponiente,50000.0,False,False,40578000.0
San Miguel,Departamento,95.78454097068159,95.78454097068159,5,2,3,10,8,Norponiente,87874.93083196247,False,False,183092000.0
Recoleta,Casa,102.26879085332529,102.26879085332529,4,1,3,5,1,Nororiente,154186.45561102868,False,False,91583000.0
Las Condes,Casa,30.0,30.0,2,3,3,22,1,Oeste,63576.952750793804,False,False,71739000.0
Puente Alto,Casa,91.66652937449471,89.69083110981047,1,2,3,26,1,Nororiente,161555.122057283,True,False,42451000.0
Maipú,Departamento,178.17427290156294,34.61413517221587,1,3,1,5,15,Surponiente,127941.02873825148,True,False,30294000.0
Puente Alto,Departamento,73.53339029488632,73.53339029488632,4,3,1,37,6,Este,169566.35962953878,False,True,61460000.0
La Florida,Departamento,80.98491730715476,58.70923918694688,4,1,0,1,12,Oeste,92057.29453745013,False,True,49593000.0
Las Condes,Departamento,152.00949118535618,46.81237189990612,3,1,2,21,8,Este,88160.8042533642,True,True,80961000.0
Independencia,Casa,140.13841459965468,125.41835835601353,2,1,2,19,1,Nororiente,148249.25791422557,True,False,66734000.0
La Florida,Departamento,154.49316248981503,121.56536100586715,4,3,0,24,19,Suroriente,119623.58125139202,True,False,140281000.0
La Florida,Departamento,61.83897299547981,61.83897299547981,3,3,2,14,1,Norponiente,116598.85941068629,False,True,65475000.0
San Miguel,Casa,248.20289746501732,133.18174483246565,3,3,0,28,1,Este,198448.49344745313,True,False,157038000.0
Huechuraba,Casa,59.21233129163748,59.21233129163748,4,1,1,7,1,Oeste,150207.04635308924,False,False,57417000.0
Ñuñoa,Casa,127.71236568670341,127.71236568670341,1,4,3,36,1,Surponiente,50000.0,False,False,172011000.0
Las Condes,Departamento,112.06722520657068,68.8688410639208,2,2,3,32,8,Oeste,159953.40612581937,True,True,119455000.0
La Florida,Casa,60.667924131747625,60.667924131747625,2,4,1,21,1,Este,154948.4400207561,False,False,64359000.0
Ñuñoa,Casa,101.48952885933751,98.46563910034595,1,3,3,4,1,Oeste,179245.56436117162,True,False,152717000.0
Ñuñoa,Casa,121.16538004429349,121.16538004429349,4,3,3,38,1,Surponiente,73015.07902132455,False,False,207036000.0
Las Condes,Departamento,87.5013394068265,85.05086654931308,2,4,2,17,10,Norponiente,136240.29126050614,False,False,214340000.0
Huechuraba,Casa,166.86118107674247,75.74113450526679,4,3,1,37,1,Suroriente,125581.50106215908,False,False,84030000.0
Vitacura,Departamento,111.91871272687644,65.44812492628493,4,2,2,36,9,Norponiente,72118.40762601234,False,True,162663000.0
Conchalí,Departamento,52.93626644908568,52.93626644908568,3,3,2,29,24,Oeste,167338.32839532904,False,True,36874000.0
Maipú,Casa,48.69372336653515,48.69372336653515,1,2,3,30,1,Surponiente,107922.70003453088,False,False,20030000.0
Conchalí,Casa,150.3082545305728,109.43849131709084,4,4,3,9,1,Surponiente,177636.61956261675,True,False,127579000.0
Puente Alto,Departamento,45.661460864983184,45.661460864983184,5,4,1,14,18,Este,82857.0607466262,True,True,65002000.0
Independencia,Casa,135.8213036524542,116.84148050719224,1,3,3,17,1,Nororiente,50000.0,False,False,90225000.0
Maipú,Casa,142.23275928334795,81.09832656342408,2,2,3,22,1,Oeste,107871.69089844277,True,False,61026000.0
Puente Alto,Departamento,70.23223180379915,55.09938737632514,3,3,1,32,21,Oeste,131595.65912812235,False,False,35499000.0
La Florida,Departamento,164.53690418874453,51.60688012345409,2,1,3,15,22,Oeste,93290.20363905441,True,False,34102000.0
Independencia,Casa,34.11031881191839,34.11031881191839,2,1,2,37,1,Oeste,50000.0,True,False,15778000.0
Providencia,Departamento,134.82294669992794,108.8128924211316,1,1,1,34,18,Este,139182.4572459385,False,True,80636000.0
Las Condes,Casa,117.95710332019956,25.0,2,1,3,33,1,Nororiente,138949.03452610128,True,False,35442000.0
Maipú,Casa,114.05010121345532,114.05010121345532,4,3,0,27,1,Nororiente,154358.3639270483,False,False,91675000.0
Maipú,Casa,61.10516785097137,61.10516785097137,2,1,1,1,1,Norte,100975.37822246114,True,False,33103000.0
Macul,Departamento,73.14889978000372,61.36332596965869,3,2,1,29,24,Oeste,98247.41338090465,False,False,52708000.0
La Florida,Casa,200.9401012510299,103.44640185104164,3,4,0,12,1,Oeste,192016.08864007457,True,False,144362000.0
Vitacura,Casa,180.7577504435877,71.06167625470562,5,4,3,15,1,Norte,50000.0,False,False,362218000.0
Ñuñoa,Casa,157.10422942618993,115.13227701884666,3,1,3,4,1,Nororiente,107644.110316618,True,False,169245000.0
Independencia,Departamento,166.9924051764844,43.35964443699099,2,1,1,27,11,Surponiente,127115.09230659028,False,False,15754000.0
La Florida,Departamento,162.30067723356345,87.14217371604877,3,1,1,38,16,Surponiente,150301.09150071203,True,True,55714000.0
La Reina,Departamento,103.83218938568956,103.83218938568956,1,3,3,19,8,Sur,128488.35912021593,False,False,157807000.0
Huechuraba,Departamento,122.38017759071757,122.38017759071757,3,4,3,23,7,Norponiente,73900.36807692205,True,True,217151000.0
Ñuñoa,Departamento,46.37458109794956,46.37458109794956,4,1,2,26,11,Sur,178380.6974010427,False,True,57173000.0
Las Condes,Casa,115.51521865962368,76.43818787161044,1,2,1,29,1,Nororiente,120095.37061384537,True,False,87509000.0
Ñuñoa,Departamento,179.17071247695932,26.29595662625566,5,1,1,26,17,Suroriente,50000.0,False,False,33046000.0
Vitacura,Departamento,86.96463758714322,59.69801155042873,4,4,0,25,14,Oeste,130458.83253866971,False,False,191199000.0
San Miguel,Departamento,171.15706023436132,71.22906380980879,2,1,2,6,6,Sur,143763.84356107318,False,True,50774000.0
Macul,Casa,124.57928693468816,62.09064866793544,2,4,3,37,1,Este,218037.19766990573,False,False,72306000.0
Ñuñoa,Departamento,50.73140671651339,50.73140671651339,2,1,2,4,22,Surponiente,140437.5674435146,True,True,56857000.0
Las Condes,Departamento,64.63402433268442,64.63402433268442,4,2,3,22,5,Este,50000.0,True,False,192906000.0
Vitacura,Casa,165.96514348538776,96.88485489341772,4,1,3,27,1,Norte,50000.0,True,False,242234000.0
Conchalí,Departamento,147.62620426291926,138.10509204190654,4,2,2,33,2,Nororiente,182935.47290991337,False,False,67037000.0
Maipú,Casa,125.08820364938127,73.74151115082554,1,2,1,14,1,Nororiente,79859.84933254303,False,False,35814000.0
San Miguel,Casa,106.29840928760272,34.685320909831006,1,1,3,31,1,Sur,50000.0,False,False,14345000.0
Macul,Casa,130.52839888142927,61.93169607500501,2,2,2,25,1,Oeste,170025.5433879216,False,False,51676000.0
Maipú,Casa,164.01481246266246,113.34353879893087,3,3,0,30,1,Nororiente,96213.20938926647,False,False,82684000.0
Huechuraba,Casa,193.79266402436423,117.11775139810692,2,1,2,18,1,Sur,167350.69820798037,True,False,91416000.0
Puente Alto,Departamento,196.18420997203023,106.24340788064937,5,1,0,8,14,Sur,74264.02473352943,True,False,94196000.0
San Miguel,Casa,138.5979950379249,138.5979950379249,1,2,3,28,1,Norponiente,193690.616683294,True,False,122609000.0
San Miguel,Casa,111.40341548177398,82.54547720492059,4,2,2,38,1,Norponiente,163603.18534666378,False,False,104726000.0
Conchalí,Departamento,127.31240039094278,127.31240039094278,1,1,2,3,16,Nororiente,83865.73166993266,False,False,40219000.0
Conchalí,Casa,146.106017862754,122.72748544423628,4,3,0,2,1,Sur,50000.0,False,False,104417000.0
Independencia,Departamento,145.90334719225456,25.0,5,2,2,28,1,Norte,235258.19293770706,False,True,21553000.0
Recoleta,Departamento,185.39933185700525,162.02634519854266,5,2,2,10,17,Norte,109489.61490034268,False,False,206846000.0
Ñuñoa,Departamento,225.78778609583276,59.320535594571126,1,4,3,32,13,Norponiente,81863.41764621413,False,True,79192000.0
San Miguel,Casa,109.73726851929568,48.63595242172277,4,3,2,37,1,Nororiente,189315.41344147496,False,False,64171000.0
Maipú,Casa,227.7942454412231,110.95084439331575,5,3,1,10,1,Surponiente,167287.992670622,True,False,166087000.0
Las Condes,Casa,178.6119623379197,25.0,2,1,0,26,1,Oeste,179139.82716562902,True,False,28378000.0
Santiago Centro,Departamento,114.95885049073961,62.181230747135466,2,3,2,32,10,Suroriente,115074.58612411344,False,False,70178000.0
Recoleta,Casa,194.928241943254,152.2839416249683,4,1,0,20,1,Surponiente,214052.73451618123,False,False,92721000.0
Santiago Centro,Casa,204.28241507095825,112.2487031599001,1,4,0,38,1,Norte,54469.09097243191,False,False,99078000.0
Macul,Casa,96.98522779030766,96.98522779030766,5,3,0,30,1,Norte,92397.52392212393,True,False,148352000.0
Vitacura,Departamento,206.61076262428242,63.723575980101046,1,2,2,37,13,Surponiente,139493.93778574417,True,False,93146000.0
Maipú,Departamento,173.75414105179817,28.46520004127587,2,4,2,1,1,Norponiente,178405.56721185567,False,False,28984000.0
Maipú,Casa,238.4279563989596,118.27269717254936,5,1,0,26,1,Norponiente,153057.95102624147,True,False,99898000.0
Recoleta,Casa,98.79807090002505,98.79807090002505,1,4,1,35,1,Nororiente,115856.71320766045,True,False,90209000.0
San Miguel,Casa,102.3286628132002,102.3286628132002,3,1,0,10,1,Norponiente,96242.60663802603,True,False,96349000.0
Huechuraba,Casa,30.0,30.0,4,4,1,17,1,Este,178675.54291796774,False,False,53334000.0
Recoleta,Departamento,148.5596960283981,51.31727026111717,4,1,0,0,10,Suroriente,158219.80066385152,True,False,51140000.0
Santiago Centro,Departamento,138.76256278093592,138.76256278093592,3,3,3,34,9,Surponiente,76273.81036544678,True,True,228236000.0
Recoleta,Departamento,91.85031642321667,91.85031642321667,2,2,0,34,17,Surponiente,74786.53009684864,False,False,52292000.0
Maipú,Departamento,115.9074634255971,83.04453433643329,5,1,0,30,9,Sur,92725.59227802424,False,True,50073000.0
Huechuraba,Casa,54.438949491244244,54.438949491244244,4,4,2,27,1,Norte,86311.90671903126,True,False,101182000.0
Ñuñoa,Casa,179.9222476415843,95.98389912294215,3,1,1,38,1,Surponiente,171492.0456273234,False,False,70709000.0
La Reina,Casa,95.5150262735845,95.5150262735845,3,1,3,0,1,Este,141786.61611090088,True,False,172032000.0
Independencia,Departamento,274.70245078104756,97.58512493221811,2,1,1,24,10,Surponiente,147889.3620201549,True,True,49674000.0
Providencia,Casa,111.21993496444836,111.21993496444836,2,4,3,37,1,Oeste,129583.4818398388,False,False,253705000.0
Conchalí,Departamento,82.01905794758451,82.01905794758451,1,2,0,19,17,Este,131938.53576686772,False,False,28514000.0
Recoleta,Departamento,99.3843440632569,85.50584434118477,4,3,2,2,11,Nororiente,50000.0,True,True,158645000.0
Macul,Casa,49.401951172787435,49.401951172787435,1,2,2,1,1,Oeste,159709.18288423843,False,False,45251000.0
Puente Alto,Casa,144.11359453514712,114.13144134695186,3,1,1,17,1,Oeste,91825.92597042787,False,False,61083000.0
Vitacura,Casa,99.0050150110439,83.2146352361938,5,4,2,9,1,Surponiente,118342.23334750035,True,False,444943000.0
La Reina,Departamento,176.5626395198869,60.03172169142963,5,2,1,4,21,Norponiente,96341.35389323329,True,True,186882000.0
Independencia,Casa,106.26262524127912,103.66915658961739,2,1,1,8,1,Surponiente,127293.57825758378,True,False,52401000.0
Independencia,Departamento,189.22210558428233,93.13394675850375,5,3,3,1,7,Este,148654.6963621998,True,False,160823000.0
Independencia,Casa,157.87278746585204,67.8051314891697,5,3,1,33,1,Nororiente,69557.24837383354,True,False,73615000.0
Independencia,Departamento,121.42983883591721,56.30398069852813,5,3,3,37,8,Norte,132637.4612122001,True,True,75225000.0
Santiago Centro,Departamento,199.01162936754108,106.41903375577826,3,1,2,30,1,Suroriente,97549.87106230717,False,False,75955000.0
Macul,Casa,167.61467305186048,112.00380228110778,5,4,1,9,1,Norponiente,186072.9387938002,False,False,248738000.0
Macul,Departamento,267.31064133316124,75.59871541380558,5,2,1,11,22,Este,64268.72985101861,True,False,139785000.0
Huechuraba,Departamento,99.52723775108977,66.80251856348298,5,3,0,35,4,Norte,69874.1865217973,False,True,85783000.0
Conchalí,Casa,123.83080527292303,56.78979243851238,1,1,1,20,1,Este,102021.4890981595,False,False,11837000.0
Maipú,Departamento,198.43545055054648,105.29019756579676,3,1,1,5,24,Norponiente,73717.81424930807,True,True,76402000.0
Independencia,Casa,42.82310940824438,42.82310940824438,2,2,0,2,1,Norte,108780.9493506544,False,False,26736000.0
Puente Alto,Departamento,185.8471781616281,179.64538276082922,1,3,0,9,13,Norponiente,93605.72469421434,False,True,119194000.0
Maipú,Casa,141.96513788407356,73.58874256116012,4,1,2,4,1,Este,124420.61888509063,True,False,67429000.0
Macul,Casa,75.58946222763761,25.0,3,2,1,25,1,Oeste,170403.60139120772,False,False,23874000.0
Las Condes,Departamento,51.84801707244392,51.84801707244392,3,4,2,20,11,Suroriente,123563.98028421373,False,True,169209000.0
Las Condes,Departamento,86.3755263434858,86.3755263434858,4,4,2,25,23,Sur,128117.72804082387,True,False,308887000.0
Puente Alto,Departamento,30.0,30.0,4,4,0,37,4,Suroriente,67133.869859395,False,False,22642000.0
Huechuraba,Departamento,95.52302781542481,95.52302781542481,4,3,3,25,20,Oeste,113297.02230924352,False,False,148180000.0
Macul,Departamento,151.12781666712908,56.64659266240791,2,2,2,7,16,Norponiente,98912.27641953013,False,True,61460000.0
Puente Alto,Casa,96.1849679515586,78.54432506012894,5,2,3,4,1,Suroriente,154082.04818202424,True,False,111660000.0
Santiago Centro,Departamento,189.4156350716904,103.09679086603951,3,1,1,14,22,Norponiente,81771.65083986512,True,True,117265000.0
Recoleta,Casa,202.99738013626438,25.0,5,1,0,15,1,Norponiente,76967.22037443833,False,False,21420000.0
Puente Alto,Casa,183.78222413128873,143.54486937561802,5,1,1,0,1,Norte,135871.45985736744,False,False,134095000.0
Ñuñoa,Departamento,131.53204551321824,56.75320456781341,4,2,1,15,1,Nororiente,219005.15271864695,True,False,92643000.0
Maipú,Casa,30.0,30.0,2,1,0,36,1,Norponiente,111202.56880126684,True,False,12542000.0
La Reina,Casa,84.8151253983697,84.8151253983697,1,2,1,2,1,Suroriente,128410.42031152494,False,False,99607000.0
La Florida,Casa,112.89807366128066,112.89807366128066,2,2,0,30,1,Suroriente,167401.09241773927,True,False,69357000.0
Huechuraba,Casa,75.30661752475946,75.30661752475946,5,4,3,12,1,Suroriente,145495.19493076362,False,False,165066000.0
Puente Alto,Departamento,113.02472622567144,112.92528210769993,2,1,1,15,7,Oeste,145823.97401910985,False,True,43281000.0
Macul,Casa,200.50337343466896,116.91544865269805,4,4,0,20,1,Sur,115240.37740409975,True,False,187557000.0
Vitacura,Departamento,37.7111735242341,37.7111735242341,1,3,2,1,16,Norponiente,116213.24086108696,True,True,118136000.0
Las Condes,Departamento,210.58460280595133,104.88674725888382,4,3,1,26,8,Surponiente,82242.57311367357,False,False,243435000.0
Ñuñoa,Casa,164.23632108770687,66.50008740113029,1,3,3,37,1,Norponiente,144318.66271506913,False,False,67687000.0
Conchalí,Departamento,133.41084041388478,76.2635560164813,5,2,0,25,9,Norponiente,143177.72149993214,True,True,61604000.0
Independencia,Departamento,84.3191722129618,84.3191722129618,1,2,1,37,2,Surponiente,155858.22638469015,False,False,32762000.0
La Florida,Departamento,76.30248272542872,57.67225659798313,1,2,1,24,13,Norte,95594.77647233273,True,True,35439000.0
San Miguel,Casa,38.68911427056301,38.68911427056301,1,1,1,10,1,Norponiente,161506.7199689303,True,False,22847000.0
Huechuraba,Departamento,205.83827401571932,94.53876146861904,2,4,3,7,23,Oeste,176666.73940739685,True,False,209834000.0
La Reina,Departamento,196.88057800370206,77.56982112876804,2,2,0,7,23,Este,59302.094086186975,True,True,138316000.0
La Florida,Departamento,49.68576857083589,49.68576857083589,5,4,2,32,4,Nororiente,105156.3710321297,True,True,70460000.0
Puente Alto,Casa,92.36860025468994,92.36860025468994,1,4,2,6,1,Suroriente,178751.1790980419,False,False,87772000.0
Santiago Centro,Departamento,141.65723846159543,52.967232674096834,3,4,2,37,12,Norponiente,87522.21500735573,True,False,94098000.0
Las Condes,Casa,105.0245430913896,94.05426846186205,5,1,0,20,1,Norte,146438.126359167,True,False,211165000.0
Macul,Casa,30.0,30.0,1,1,2,7,1,Oeste,120428.80010012156,True,False,17241000.0
Las Condes,Casa,87.11136197221559,87.11136197221559,1,3,3,20,1,Norponiente,136543.96607117544,True,False,191341000.0
Conchalí,Casa,217.55171490100093,97.05949241450502,2,3,0,19,1,Surponiente,121952.81513461057,True,False,62988000.0
Santiago Centro,Casa,90.50107047927779,90.50107047927779,5,4,1,7,1,Norte,157308.54922821358,True,False,223759000.0
Independencia,Casa,111.82663316488966,111.82663316488966,1,3,3,30,1,Este,68924.1432068061,True,False,86942000.0
Macul,Departamento,62.74112879823097,62.74112879823097,1,4,1,28,15,Sur,74333.83779388567,False,True,73250000.0
Maipú,Casa,149.3881492641874,126.56087836872818,5,1,2,8,1,Norponiente,193225.67751334282,False,False,125132000.0
Providencia,Departamento,125.75758995122918,52.06220508975456,3,1,3,14,20,Oeste,225018.16399926593,False,True,95626000.0
Ñuñoa,Departamento,82.89901292215107,82.89901292215107,5,1,0,29,10,Norte,119729.02806868187,False,False,90582000.0
Las Condes,Casa,54.76723020962875,54.76723020962875,5,2,3,25,1,Surponiente,205763.30210758548,True,False,159092000.0
Vitacura,Departamento,190.22716870054379,25.0,3,4,1,9,5,Norte,81411.26764932385,False,False,77362000.0
Las Condes,Departamento,39.72282966794599,39.72282966794599,5,1,0,28,9,Norponiente,93420.70582570214,True,True,89289000.0
La Florida,Departamento,145.19078477947775,72.32127210983164,1,4,3,15,23,Norte,192874.37558726856,False,False,78697000.0
Las Condes,Departamento,30.0,30.0,5,3,3,35,8,Sur,160205.32643116792,False,False,83890000.0
Huechuraba,Casa,155.36058415061913,99.26592061935932,3,3,3,19,1,Norte,200321.3548966129,True,False,152625000.0
Las Condes,Departamento,168.51494436300305,133.91369443553089,4,1,3,36,14,Suroriente,143427.78845295025,True,False,315601000.0
Providencia,Casa,174.73918558199568,82.33176344411453,5,4,0,21,1,Nororiente,69372.69617428625,False,False,233172000.0
Providencia,Departamento,111.93957657150659,62.33529720724397,2,1,1,6,23,Suroriente,131178.86787513384,False,True,89256000.0
Independencia,Departamento,199.2001802781848,44.938127508648115,1,3,3,22,21,Nororiente,180100.12692340053,False,False,31124000.0
La Reina,Casa,235.38958474980342,71.27268834763822,1,1,0,39,1,Norte,113363.23986769139,False,False,37663000.0
Maipú,Departamento,103.91884319770183,25.0,2,4,1,28,5,Surponiente,105678.32407471405,True,False,20170000.0
Vitacura,Departamento,97.44974849350362,60.99467625934555,2,3,3,15,16,Surponiente,144192.67014820612,False,True,181883000.0
Las Condes,Departamento,127.45886301724678,127.45886301724678,5,2,1,37,11,Norponiente,92024.68672274025,False,False,300257000.0
Las Condes,Casa,96.11599270528964,57.06563181686308,2,3,1,27,1,Surponiente,134775.02415567503,False,False,100205000.0
Ñuñoa,Departamento,88.80649019949396,88.80649019949396,4,2,0,37,5,Nororiente,123175.07323357284,False,True,105263000.0
Macul,Casa,93.16307298792452,40.9407164076604,3,1,1,30,1,Oeste,95479.27696257898,False,False,27556000.0
Providencia,Departamento,205.78780040031228,160.84383597242217,2,1,0,13,11,Nororiente,169036.86159337068,True,False,200127000.0
Vitacura,Casa,158.5940997517716,158.5940997517716,2,4,3,32,1,Suroriente,152299.39694753868,True,False,523954000.0
Independencia,Casa,95.95269363709545,95.95269363709545,4,2,1,8,1,Norte,102316.47078566869,True,False,100270000.0
Conchalí,Departamento,30.0,30.0,1,1,1,26,15,Norponiente,119251.93675299632,True,False,7289000.0
La Reina,Departamento,42.77677531967662,42.77677531967662,1,2,2,23,7,Este,106436.22000760815,True,True,57866000.0
Maipú,Casa,145.17145413009388,120.74068456598224,5,1,3,12,1,Norponiente,88067.61803785237,False,False,128429000.0
Santiago Centro,Casa,30.0,30.0,4,3,3,25,1,Norponiente,50000.0,True,False,59858000.0
Maipú,Departamento,134.64967637259778,97.18873812393797,3,1,2,28,3,Norponiente,95808.61278219639,True,False,52767000.0
Huechuraba,Casa,66.72181375674873,27.904901536597542,3,4,2,27,1,Oeste,88798.62508421886,False,False,41557000.0
La Florida,Departamento,124.59028872903367,121.5585342093759,4,3,0,27,7,Sur,125744.53539176795,True,False,127517000.0
Huechuraba,Departamento,123.19281506670714,71.12561622266145,3,4,0,7,5,Suroriente,142034.94007641228,True,False,110689000.0
Las Condes,Departamento,126.02949669453552,74.0988071617816,1,3,1,22,23,Norte,79890.76650985575,True,False,156639000.0
San Miguel,Departamento,100.27890764607398,100.27890764607398,3,2,1,28,18,Sur,138674.86808635027,True,True,123507000.0
La Reina,Casa,98.63571871961338,98.63571871961338,3,4,1,4,1,Este,72187.71085666625,False,False,256895000.0
La Florida,Departamento,83.96047905317806,83.96047905317806,4,1,1,6,8,Sur,113735.37421807724,False,False,64109000.0
Vitacura,Casa,144.1946158620945,115.42918144629235,4,2,0,35,1,Norte,89879.04496695833,True,False,282793000.0
Santiago Centro,Departamento,160.25963373904742,61.72571463759214,3,1,3,26,20,Suroriente,157308.68190395218,False,True,52761000.0
Providencia,Casa,59.05137387319368,59.05137387319368,2,3,1,1,1,Suroriente,125838.6549997299,True,False,142576000.0
La Reina,Departamento,117.41857638538653,117.41857638538653,4,3,3,24,14,Norte,114491.60370841104,False,True,304504000.0
La Reina,Casa,129.8291036743869,129.8291036743869,5,1,1,8,1,Este,88737.51199425575,False,False,242916000.0
Huechuraba,Casa,129.1885567311521,129.1885567311521,5,1,2,26,1,Norte,103557.93458117305,False,False,151773000.0
San Miguel,Departamento,128.33848097982587,107.31906730910926,1,2,1,0,12,Este,211453.04061630258,False,True,96580000.0
Las Condes,Departamento,99.89825948273878,99.89825948273878,3,1,1,22,16,Este,94945.7939638727,False,False,151530000.0
Puente Alto,Departamento,133.95152127312696,133.95152127312696,2,4,1,9,14,Norte,143970.34587982416,False,True,146330000.0
Independencia,Departamento,150.901435549181,63.16655853066022,1,4,0,24,16,Nororiente,114367.68415561556,False,False,45589000.0
Huechuraba,Casa,127.0518327911282,115.18799410850333,3,1,2,2,1,Suroriente,142541.2657287019,False,False,109934000.0
La Reina,Departamento,145.2969918266862,120.73371797944584,4,4,1,5,23,Este,161848.79363466194,False,True,431281000.0
Recoleta,Casa,169.51767055187537,147.91445744306978,5,1,1,5,1,Norte,102301.07533394618,False,False,149001000.0
Ñuñoa,Casa,30.0,30.0,2,2,3,1,1,Surponiente,155488.67132225615,False,False,41320000.0
Santiago Centro,Departamento,167.17319209326837,52.42376864797932,5,4,2,17,18,Nororiente,257831.97385029195,True,False,140077000.0
Independencia,Casa,137.12138826106374,90.85528844418823,4,4,1,22,1,Suroriente,148376.99970958525,False,False,107979000.0
Huechuraba,Casa,64.41873361306367,64.41873361306367,3,1,3,1,1,Este,200679.0732299898,True,False,83242000.0
Santiago Centro,Casa,160.12354411598443,134.9145581493523,4,4,3,11,1,Suroriente,144052.3000053307,False,False,325554000.0
Ñuñoa,Casa,100.0839546988019,100.0839546988019,4,3,0,21,1,Nororiente,73401.91889012468,True,False,191879000.0
Conchalí,Departamento,106.90167818407235,83.94347079558865,5,2,3,36,19,Suroriente,133784.69986264917,True,True,79469000.0
Ñuñoa,Departamento,94.6160108767169,94.6160108767169,2,2,1,19,24,Oeste,103480.81018950345,True,False,124139000.0
San Miguel,Departamento,135.11994221191122,102.04177905097806,4,4,0,38,24,Norponiente,90202.96513412132,False,True,140850000.0
Ñuñoa,Departamento,80.73234287439735,80.73234287439735,5,4,0,23,8,Oeste,116370.73947988571,False,True,160664000.0
Santiago Centro,Casa,165.0737314973893,96.62635774274129,2,3,1,19,1,Nororiente,112262.49606356239,False,False,113608000.0
Maipú,Casa,113.05687064026641,74.67666345789745,3,3,2,0,1,Este,67003.75471035694,False,False,88169000.0
Santiago Centro,Departamento,101.78987582560313,101.78987582560313,3,4,3,0,21,Norte,255423.07923598963,True,True,265630000.0
Puente Alto,Departamento,157.6437838806985,97.93941277354128,1,4,0,16,9,Sur,160393.54572360986,False,False,63643000.0
Las Condes,Departamento,104.02216188404597,27.160265773013123,5,3,2,0,4,Norte,132219.51229210573,False,False,101670000.0
La Florida,Casa,167.40884126811505,89.37391753511325,2,1,1,29,1,Suroriente,124494.00556254864,False,False,36309000.0
Maipú,Departamento,168.9796475420433,85.97047018375979,4,3,3,2,12,Sur,180117.4309810948,False,False,129359000.0
Providencia,Departamento,53.25980808905115,53.25980808905115,3,1,3,10,23,Sur,223778.51811547467,False,False,104270000.0
La Florida,Departamento,175.4630101111462,131.4233315049189,2,2,0,23,17,Suroriente,154254.2686006287,False,False,81295000.0
Las Condes,Casa,46.89820142490572,46.89820142490572,5,2,3,21,1,Suroriente,126059.63523921603,False,False,147555000.0
Huechuraba,Casa,178.57902634412554,108.22474478098154,1,3,3,25,1,Este,193632.20359888085,False,False,99839000.0
Independencia,Casa,221.41785961151197,84.08572000625078,3,1,3,12,1,Nororiente,127117.96214679306,True,False,63747000.0
Puente Alto,Casa,163.7417219134566,94.3078002258713,2,3,3,0,1,Surponiente,141765.74048125508,True,False,101307000.0
Puente Alto,Casa,30.0,30.0,2,3,1,23,1,Norte,170050.5460015919,False,False,19651000.0
Providencia,Casa,173.17828596930093,37.69702464435995,2,1,2,9,1,Nororiente,100676.043106287,False,False,43721000.0
Maipú,Casa,232.30644829680057,97.66643566939132,5,3,1,34,1,Oeste,50000.0,False,False,96240000.0
San Miguel,Casa,104.84841795009854,104.84841795009854,5,2,1,23,1,Este,98245.98873349905,False,False,147667000.0
Macul,Departamento,118.2648339985055,27.729466164851033,5,4,0,27,15,Este,158650.04646896932,True,False,49579000.0
Conchalí,Departamento,60.5756639036784,60.5756639036784,4,4,3,35,6,Surponiente,155127.54488590892,True,True,66588000.0
Ñuñoa,Casa,135.60397094098346,134.92957299295279,2,3,1,15,1,Oeste,187133.50547063007,False,False,189424000.0
Maipú,Casa,183.45885912715644,102.06476991814388,3,1,3,39,1,Norte,100158.44830652438,True,False,59414000.0
Independencia,Departamento,154.8868564074727,117.51867808464134,5,1,1,15,20,Norponiente,199046.2621473382,True,True,122451000.0
Conchalí,Casa,277.09834886438995,25.0,5,2,1,16,1,Oeste,129253.39152259805,False,False,19243000.0
Puente Alto,Casa,121.65135214828986,113.92997498519802,2,1,0,14,1,Norte,150220.65812818403,False,False,40426000.0
Santiago Centro,Casa,38.46633162923679,38.46633162923679,5,1,2,15,1,Sur,165180.63791471528,False,False,47048000.0
Independencia,Departamento,128.54854857841096,102.39509138332586,4,2,2,14,24,Suroriente,50916.71865531514,True,False,118668000.0
Las Condes,Departamento,30.0,30.0,4,3,1,33,22,Este,69755.14036865375,True,False,93180000.0
Providencia,Departamento,93.34480375677433,93.34480375677433,5,4,0,10,5,Norte,68095.47414663772,False,True,309171000.0
Las Condes,Departamento,201.2191029300106,111.86781295063503,2,2,3,0,18,Nororiente,173610.85924244096,False,True,301213000.0
Macul,Departamento,136.25668243158856,85.49504682948856,2,3,3,14,16,Surponiente,104727.16941303859,True,False,140058000.0
Independencia,Casa,128.97084064156343,29.61228962985782,2,2,1,25,1,Suroriente,221379.09866623592,True,False,17057000.0
Vitacura,Departamento,211.03901883576782,94.84587607399587,1,3,2,3,20,Nororiente,120168.79874461296,False,True,260944000.0
Vitacura,Casa,106.4700054168315,106.4700054168315,5,2,0,4,1,Suroriente,50000.0,True,False,380435000.0
Huechuraba,Casa,183.09102064670543,86.77792432723108,2,3,2,34,1,Este,86379.1244647408,False,False,80166000.0
Maipú,Departamento,126.46534875831702,69.77374560250236,4,2,3,12,10,Oeste,125868.81816096637,False,True,78819000.0
Puente Alto,Departamento,139.0023731729513,67.09653344614725,3,3,2,9,24,Norponiente,145759.49320967396,True,True,84200000.0
Puente Alto,Casa,59.13475720684936,59.13475720684936,3,2,3,10,1,Oeste,70758.11359588132,True,False,51646000.0
Ñuñoa,Casa,95.89766025858916,95.89766025858916,2,4,0,17,1,Norte,148424.03859031355,True,False,181345000.0
Ñuñoa,Casa,50.12408835780633,50.12408835780633,3,4,0,33,1,Surponiente,161777.13785229783,False,False,76610000.0
Ñuñoa,Departamento,115.23774608873273,50.200004271585684,3,1,1,38,20,Oeste,87952.62002223347,False,False,46611000.0
Santiago Centro,Departamento,139.52011719581336,111.03910233670467,1,3,1,22,5,Este,218457.86060295737,False,False,91974000.0
La Florida,Departamento,64.4980947454274,64.4980947454274,4,2,2,6,23,Surponiente,93367.04883247217,False,False,83621000.0
La Reina,Departamento,222.45894613424116,86.31063181466878,4,3,0,38,9,Norte,70006.09628922284,False,True,157066000.0
La Florida,Departamento,133.90530095459803,106.07303416136007,1,4,0,2,16,Sur,50000.0,False,False,98306000.0
Las Condes,Casa,122.88977927926096,106.30625014499789,1,3,1,11,1,Oeste,181032.03493460815,True,False,242455000.0
La Florida,Departamento,158.48288756728127,111.15072423166293,3,2,3,6,14,Oeste,121144.14386729515,False,True,130379000.0
Santiago Centro,Casa,78.5535959567039,47.7011523121676,5,3,2,25,1,Norponiente,96035.70052678052,False,False,81433000.0
Huechuraba,Casa,128.17387395837267,60.007543713341654,3,2,2,32,1,Norte,50000.0,False,False,54997000.0
Las Condes,Casa,84.15668898212044,84.15668898212044,1,4,1,36,1,Nororiente,100537.45382165181,False,False,143189000.0
La Florida,Departamento,197.93399550444914,81.1771013007664,4,4,0,14,19,Oeste,239072.26938380557,True,False,125908000.0
Santiago Centro,Departamento,67.06803253014593,67.06803253014593,3,4,1,1,14,Este,50000.0,False,True,136741000.0
La Reina,Departamento,123.15827296535868,123.15827296535868,5,1,1,6,7,Oeste,88417.0799483725,True,True,301929000.0
La Florida,Casa,136.4657892575888,108.53772289443276,3,4,1,31,1,Norponiente,209639.19850211052,True,False,121570000.0
Santiago Centro,Casa,139.74128722038506,111.86090523888157,2,3,1,3,1,Sur,182448.65235347615,False,False,164368000.0
Macul,Casa,90.93824134585839,90.93824134585839,3,1,3,19,1,Norponiente,91468.71658593592,False,False,80640000.0
Ñuñoa,Casa,75.22452989274511,25.0,1,4,3,35,1,Oeste,130179.7548467653,True,False,41395000.0
Macul,Casa,91.66024134769505,70.40199379357861,4,3,0,31,1,Surponiente,143146.87023472047,True,False,98386000.0
Puente Alto,Casa,146.4162717105141,108.74423185998367,4,3,1,27,1,Nororiente,126691.92909036337,False,False,89612000.0
Ñuñoa,Departamento,112.80771145440181,112.80771145440181,1,3,3,12,1,Suroriente,209222.5104804588,True,True,153628000.0
Puente Alto,Departamento,159.81044042262607,92.64382238623092,2,2,0,0,22,Oeste,136987.71027289768,False,False,52591000.0
Recoleta,Departamento,143.85018596975365,56.21134152975618,1,1,1,34,12,Norte,176775.8145481519,False,True,17296000.0
Providencia,Departamento,30.0,30.0,3,3,2,29,2,Oeste,129079.93845478077,True,True,65969000.0
Macul,Casa,132.37488984186055,125.35444813812296,1,2,3,35,1,Nororiente,50000.0,False,False,80890000.0
Providencia,Casa,232.52273839081352,81.28905670432454,1,4,0,24,1,Norte,60379.36233217583,False,False,131146000.0
Providencia,Departamento,186.26345255191654,89.71199816838653,2,3,2,15,17,Este,70756.10753469876,False,False,188666000.0
La Reina,Casa,141.10065803534843,114.60120775089277,3,2,1,18,1,Surponiente,107535.70713619971,True,False,212342000.0
Ñuñoa,Departamento,67.03039347650281,25.0,5,3,1,0,23,Norte,223920.71195071953,True,True,83810000.0
Recoleta,Departamento,143.8776858062823,143.8776858062823,5,1,1,4,14,Norponiente,138120.57314377258,True,True,189712000.0
Puente Alto,Departamento,156.98749699391294,60.75704659795754,4,1,3,21,24,Sur,114710.59489676174,False,True,48607000.0
Santiago Centro,Casa,107.31266595862081,99.67745477894287,1,4,0,23,1,Norponiente,181927.89980778238,True,False,130521000.0
Las Condes,Departamento,135.83710294022188,25.0,4,3,2,36,22,Suroriente,50000.0,True,False,72077000.0
Santiago Centro,Departamento,195.48312291980204,73.0983555837985,2,2,0,35,3,Norte,95515.24149258807,True,True,55554000.0
Las Condes,Departamento,77.13627901291372,77.13627901291372,5,4,3,35,6,Este,88133.56730299795,False,False,275488000.0
Macul,Casa,67.08501975204365,25.0,1,3,0,3,1,Oeste,139902.0779734069,False,False,25975000.0
Vitacura,Casa,154.63496629971064,135.04800348756564,2,4,3,35,1,Surponiente,164791.81461769834,True,False,424417000.0
Santiago Centro,Departamento,142.87713180990403,79.05215615070463,2,2,1,17,17,Norte,143574.27760136148,True,False,93405000.0
La Florida,Casa,171.44191477064058,109.48657760880768,1,4,2,15,1,Norponiente,144365.82416094557,True,False,111254000.0
La Florida,Casa,148.48969059518848,116.30097653940442,2,4,1,17,1,Norte,101944.54403910271,False,False,115083000.0
Maipú,Casa,91.61224684129031,91.61224684129031,1,4,0,21,1,Norte,136037.99290580698,True,False,76997000.0
Ñuñoa,Casa,141.60963257327023,55.40197393476694,1,3,1,1,1,Norte,78008.10646098049,False,False,73437000.0
Las Condes,Casa,62.893672835191325,62.893672835191325,3,2,2,20,1,Este,153706.94675039,False,False,119720000.0
Las Condes,Casa,107.48406441335031,31.537752909967374,4,1,1,35,1,Surponiente,94969.84976683397,False,False,48534000.0
Independencia,Casa,145.1399615483202,109.67185326352319,2,3,2,38,1,Nororiente,63924.5219849813,True,False,79285000.0
Huechuraba,Casa,101.97428916380551,101.97428916380551,2,1,2,38,1,Nororiente,121890.97179160426,True,False,65159000.0
Ñuñoa,Casa,243.40260911149136,25.0,3,1,1,28,1,Norte,50000.0,False,False,22667000.0
La Reina,Casa,30.0,30.0,3,3,3,25,1,Este,193718.50359980034,False,False,67466000.0
Maipú,Departamento,92.62548215005947,82.72898896468267,3,3,0,20,4,Este,159854.94984558492,False,False,64935000.0
La Reina,Departamento,73.11100830650449,73.11100830650449,5,2,3,16,23,Suroriente,136848.49251239013,False,True,204165000.0
Macul,Casa,84.98255962710232,84.98255962710232,5,2,3,15,1,Norte,50000.0,True,False,157995000.0
Macul,Departamento,87.85008882595608,83.91200078569334,5,4,1,30,11,Norponiente,84990.49084632925,True,False,140799000.0
La Reina,Departamento,53.67896565705034,53.67896565705034,1,1,0,8,6,Norponiente,122027.9217435926,False,False,34485000.0
La Reina,Casa,157.63510742863136,134.12522824278963,2,2,0,30,1,Sur,106844.76144873962,False,False,131761000.0
Recoleta,Casa,92.64523513064493,92.64523513064493,4,4,3,13,1,Surponiente,50000.0,False,False,155679000.0
Ñuñoa,Casa,128.17866677943275,111.55911902804394,1,2,1,36,1,Norte,54178.54972319295,True,False,96082000.0
La Reina,Departamento,98.25871190448775,94.50062846352458,2,3,0,1,2,Sur,105845.28015432108,False,False,168192000.0
La Florida,Departamento,85.45597938568952,85.45597938568952,2,2,3,13,4,Norponiente,55835.530070808374,True,False,76695000.0
Huechuraba,Casa,203.61396180434247,63.74762435078934,3,1,0,32,1,Norponiente,188569.3661941631,False,False,35671000.0
Huechuraba,Casa,166.1466091104704,58.29222871255688,3,2,1,34,1,Norte,144726.91797029163,True,False,58561000.0
Providencia,Casa,30.0,30.0,1,1,1,38,1,Sur,79826.79453804845,True,False,22569000.0
Vitacura,Departamento,30.0,25.0,3,3,1,19,8,Sur,178457.74140078566,False,False,63676000.0
Macul,Departamento,172.13044178182435,93.68718038545948,2,1,0,1,22,Norte,168385.32943368447,True,False,70377000.0
Las Condes,Departamento,94.0073304225623,77.33766590949952,3,2,2,18,12,Surponiente,134447.91781934598,True,True,216090000.0
Independencia,Departamento,37.54588330328886,33.769810773881765,5,4,0,36,21,Suroriente,118020.6883268023,True,True,46096000.0
San Miguel,Casa,172.28675662701704,52.74929681134942,3,3,2,17,1,Sur,105076.30958850803,True,False,94417000.0
Las Condes,Casa,128.45620250495452,85.64095630818603,2,2,1,15,1,Suroriente,93003.06461091716,False,False,152993000.0
Vitacura,Casa,132.578554241616,131.3585302599609,1,3,3,3,1,Oeste,53160.40403960731,False,False,370999000.0
Independencia,Casa,160.47696360029536,63.88168034968756,4,3,2,11,1,Surponiente,196416.43775489996,False,False,70586000.0
Recoleta,Departamento,54.50114208588032,54.50114208588032,3,2,1,28,21,Norponiente,93974.33906143917,False,False,36118000.0
Ñuñoa,Departamento,38.424958930791774,38.424958930791774,2,2,1,6,19,Nororiente,121410.03048561665,False,True,48229000.0
Santiago Centro,Casa,199.0477147451601,142.41538808679883,4,4,2,13,1,Surponiente,74487.60718496906,True,False,305404000.0
Ñuñoa,Casa,48.14166196288538,48.14166196288538,4,3,3,11,1,Suroriente,107027.47416953351,True,False,122507000.0
Las Condes,Departamento,58.8881101462218,58.8881101462218,5,3,1,34,6,Suroriente,262538.8711934871,True,False,178705000.0
Las Condes,Casa,68.8782310227117,68.8782310227117,4,2,2,4,1,Suroriente,83700.10481273863,True,False,234151000.0
Independencia,Departamento,223.9972961845261,82.81958149033953,2,1,3,16,8,Este,192429.78872707757,False,False,38310000.0
Independencia,Casa,144.66916502057612,128.12096588580943,2,2,3,31,1,Surponiente,118609.72414230504,False,False,80035000.0
Macul,Casa,168.270398721769,25.0,3,3,1,9,1,Sur,153996.92317473228,True,False,35695000.0
Recoleta,Casa,129.80837727893643,129.80837727893643,3,2,0,16,1,Sur,182229.0127698126,False,False,93949000.0
Macul,Casa,89.90563943993833,89.90563943993833,3,4,0,4,1,Este,133613.36922029988,True,False,172313000.0
Vitacura,Casa,151.56456416300838,83.05872683859934,4,1,1,8,1,Sur,102414.64218098551,True,False,228034000.0
La Reina,Casa,42.169201460159826,42.169201460159826,4,2,3,32,1,Este,110695.45108587803,False,False,76958000.0
Ñuñoa,Casa,65.23582739517525,55.34317554205782,5,4,1,35,1,Suroriente,112378.5759176831,False,False,97439000.0
Independencia,Departamento,156.64875896307404,115.82461896678947,3,3,2,35,17,Norte,213218.52784577064,False,False,100437000.0
Puente Alto,Departamento,52.137238458661,52.137238458661,1,2,0,17,12,Surponiente,50000.0,False,True,19863000.0
Vitacura,Departamento,110.54592654190634,83.49895487480401,5,3,2,8,13,Oeste,50000.0,False,False,324715000.0
La Florida,Departamento,112.82438278222942,112.82438278222942,1,4,1,28,10,Suroriente,50000.0,False,False,89751000.0
Recoleta,Departamento,93.5668998331419,53.709598129555104,4,3,1,13,7,Oeste,75303.42832137886,False,False,59274000.0
Las Condes,Casa,30.0,30.0,5,4,3,24,1,Norponiente,155004.15385991812,True,False,127709000.0
Macul,Casa,88.55355544056538,88.55355544056538,5,4,3,14,1,Suroriente,158070.96462020988,False,False,194243000.0
Vitacura,Departamento,78.75158115337572,78.75158115337572,2,4,3,5,1,Nororiente,89624.86792966463,True,False,336627000.0
San Miguel,Casa,128.07199316438493,128.07199316438493,4,2,2,28,1,Sur,118575.42361700803,True,False,191688000.0
Ñuñoa,Departamento,125.52452693497344,55.84241166449229,4,3,3,14,4,Nororiente,64185.06824560826,False,False,110488000.0
Independencia,Departamento,138.8980729968437,53.0589843292508,5,3,1,28,21,Norte,68822.3856296816,True,False,60659000.0
Las Condes,Casa,86.20068635128013,75.65562722169831,4,1,3,3,1,Oeste,148993.34195057725,False,False,182755000.0
Santiago Centro,Casa,146.1388975232946,57.03764633843953,5,1,0,17,1,Surponiente,172384.20305541987,True,False,70323000.0
San Miguel,Casa,42.19966336131584,42.19966336131584,2,1,3,38,1,Suroriente,96159.05877849286,True,False,30219000.0
Recoleta,Departamento,30.0,30.0,5,1,2,15,23,Surponiente,201750.75604154018,True,False,36075000.0
Vitacura,Casa,30.0,30.0,4,3,0,10,1,Norte,168280.2674393055,False,False,92172000.0
Maipú,Departamento,95.03513802140014,95.03513802140014,4,4,0,13,10,Norte,199586.29261277756,True,False,124185000.0
Las Condes,Departamento,82.33508878307212,38.40055296699147,5,4,0,2,17,Sur,104953.09654525408,True,True,181341000.0
Ñuñoa,Departamento,159.46578059273,25.0,5,2,2,37,7,Norte,196034.31228163227,True,False,43282000.0
Providencia,Casa,87.5668706475565,87.5668706475565,5,4,1,17,1,Suroriente,228977.1319987888,False,False,279894000.0
Puente Alto,Casa,133.66881739721336,25.0,3,3,3,19,1,Suroriente,99374.12333219904,True,False,26151000.0
Conchalí,Departamento,160.66482882915386,121.01117585181692,4,3,0,24,24,Surponiente,112291.5480815957,False,False,85123000.0
San Miguel,Casa,85.68404621754422,34.18665094988817,4,3,0,37,1,Surponiente,72614.07487968005,True,False,48335000.0
La Reina,Casa,134.90261050535878,25.0,3,2,0,12,1,Oeste,62789.24519195862,True,False,45641000.0
Conchalí,Casa,170.09637744775972,78.24813399436823,5,1,1,3,1,Suroriente,63372.432936685254,True,False,64551000.0
Ñuñoa,Departamento,58.09186125972164,58.09186125972164,2,4,1,13,3,Nororiente,79426.69341063537,False,True,93957000.0
La Florida,Departamento,121.24261691223221,109.65900254727762,5,3,2,32,4,Oeste,133736.89894927858,True,False,123637000.0
Macul,Casa,85.89828084003429,85.89828084003429,5,3,1,27,1,Sur,81540.02302893242,True,False,143391000.0
La Florida,Departamento,61.27550587534308,47.627495155290305,3,1,3,36,13,Oeste,132208.1277293434,True,True,33122000.0
Providencia,Casa,43.17741297548855,43.17741297548855,4,3,2,7,1,Este,133242.2575597476,True,False,157890000.0
San Miguel,Casa,60.46757139106497,60.46757139106497,5,4,2,33,1,Surponiente,96493.78030628106,False,False,113854000.0
La Reina,Casa,123.00145028760062,41.769514861778454,4,2,3,4,1,Nororiente,116868.14477153475,True,False,132447000.0
Maipú,Casa,39.457777221912664,39.457777221912664,1,3,3,4,1,Surponiente,93604.38036568437,True,False,42030000.0
Providencia,Departamento,92.46364879556813,79.02239891563922,4,4,3,30,7,Este,104463.01133617738,True,True,241757000.0
San Miguel,Departamento,160.65972034264487,98.81526331152135,2,3,2,8,24,Este,79556.85127678927,True,False,178626000.0
Huechuraba,Departamento,142.4505481709468,81.80304832903565,2,1,2,31,16,Norponiente,124205.23448914083,False,True,50285000.0
Conchalí,Casa,93.47461885309215,87.28488911708094,5,3,2,32,1,Suroriente,89972.70672700834,True,False,80684000.0
Providencia,Casa,204.48452066793618,115.67262120966764,4,3,3,2,1,Sur,61696.706203110225,True,False,416210000.0
Conchalí,Casa,214.65182069558304,45.44587601595467,5,2,3,29,1,Norte,149671.44444242687,False,False,35167000.0
Las Condes,Departamento,121.30612157698629,119.49492541043297,3,1,0,11,7,Este,151364.56006427316,True,True,197166000.0
La Florida,Casa,30.0,30.0,2,1,1,28,1,Oeste,175584.92678220535,True,False,14969000.0
Las Condes,Departamento,164.322409850813,155.36539973955473,5,2,0,2,13,Norte,68780.13126979108,True,True,512663000.0
Puente Alto,Departamento,30.0,25.0,3,3,3,25,2,Oeste,95953.63466445066,False,True,20924000.0
Huechuraba,Departamento,193.8073055360033,82.68393371539128,5,4,2,29,7,Surponiente,131524.77025448615,True,True,162810000.0
La Reina,Departamento,174.17924503711495,25.0,4,1,3,8,15,Oeste,94898.00615938699,False,False,47955000.0
Maipú,Departamento,208.71062520690106,25.0,4,1,1,25,11,Norte,148545.59919039108,False,True,15033000.0
Recoleta,Departamento,133.01327791838634,95.76372190429913,4,3,0,1,2,Norte,144896.6443741968,False,False,108966000.0
Conchalí,Casa,101.9307116409081,74.03392828598554,4,3,0,2,1,Suroriente,143964.7678095533,False,False,57384000.0
Maipú,Casa,97.4949433154888,97.4949433154888,1,1,2,3,1,Oeste,192983.3616652132,False,False,36392000.0
Conchalí,Departamento,92.68699144845515,92.68699144845515,3,3,0,24,11,Sur,152203.85372292247,False,False,54533000.0
Ñuñoa,Departamento,169.05343268373514,139.91583832431684,3,4,0,12,2,Suroriente,127694.55557407132,False,True,265549000.0
Providencia,Casa,155.6135744752939,92.1568170122312,4,1,3,38,1,Nororiente,110323.22567017315,True,False,181104000.0
Puente Alto,Departamento,126.01128167171065,126.01128167171065,1,4,0,34,7,Norponiente,113806.7945911592,True,False,73208000.0
La Florida,Departamento,83.89093460365139,83.89093460365139,4,4,0,22,13,Nororiente,66789.49230799632,False,False,94594000.0
Recoleta,Casa,251.46063156501364,163.69916178268846,1,3,0,8,1,Sur,50000.0,False,False,113078000.0
Independencia,Departamento,165.6187306981435,25.0,4,4,2,1,17,Suroriente,143187.8063865532,False,True,45414000.0
Conchalí,Departamento,40.114404011329555,40.114404011329555,2,3,2,30,21,Norponiente,181181.6468781533,False,True,24626000.0
Maipú,Departamento,94.18719920314365,82.76958040817759,2,2,3,1,12,Suroriente,103494.25383486316,False,False,67039000.0
Puente Alto,Casa,166.5888048704353,25.0,5,3,0,31,1,Norte,199354.70795162988,False,False,18475000.0
Santiago Centro,Casa,80.02305393836579,80.02305393836579,4,4,2,17,1,Norponiente,111174.37834592648,True,False,190776000.0
Recoleta,Casa,137.57739794129444,77.8817784806273,3,2,2,12,1,Surponiente,50000.0,True,False,87552000.0
Santiago Centro,Departamento,167.5398150168074,113.20212993792569,5,3,3,4,8,Oeste,165912.46268648014,False,True,286331000.0
Las Condes,Departamento,30.0,30.0,2,4,1,9,13,Nororiente,96035.58813809275,False,True,97741000.0
La Florida,Casa,114.59811501053748,30.43399532953616,4,1,0,24,1,Norponiente,170438.9338760007,False,False,19268000.0
Macul,Departamento,116.56045767825609,116.56045767825609,5,1,2,33,2,Oeste,56123.625803418,True,False,119346000.0
Macul,Departamento,99.39637721581052,90.25917936882867,4,3,3,36,9,Suroriente,140602.2081073825,False,True,129566000.0
Independencia,Departamento,135.08475674730204,135.08475674730204,2,3,3,29,11,Sur,79976.94582278439,True,True,123818000.0
Ñuñoa,Departamento,152.87598037479373,81.79407084008527,5,1,3,6,24,Norponiente,130070.24332811778,True,False,180745000.0
Maipú,Departamento,127.10254721623046,71.18364429874316,2,4,2,5,6,Oeste,158330.3347287678,True,True,96165000.0
San Miguel,Casa,101.3086302975284,91.08216162755805,1,4,0,2,1,Suroriente,146720.05006469428,False,False,115028000.0
Independencia,Departamento,151.63106498921348,94.07442825519412,2,4,1,12,7,Suroriente,123468.39165150463,False,True,92914000.0
Providencia,Casa,122.45267046371785,63.48860794033058,4,3,0,2,1,Suroriente,51077.04468938886,True,False,201323000.0
Providencia,Departamento,108.4649793402261,70.14781076178865,3,2,3,25,6,Sur,156517.20902758828,True,False,135235000.0
Maipú,Casa,54.38603073305404,40.924978619448424,2,2,3,23,1,Norte,171571.52189978,True,False,29628000.0
San Miguel,Departamento,41.86726073669608,41.86726073669608,3,2,1,5,11,Sur,67850.14879217287,True,False,64155000.0
La Reina,Casa,53.43851036429648,53.43851036429648,1,2,0,11,1,Sur,75198.5392847,False,False,59607000.0
Ñuñoa,Departamento,133.91645306101074,84.50583304375424,5,2,3,35,2,Surponiente,173677.86790164557,True,False,146962000.0
Puente Alto,Casa,116.04606261968242,116.04606261968242,5,3,3,1,1,Nororiente,109577.92187153669,False,False,165120000.0
Conchalí,Departamento,45.98579508962683,45.98579508962683,3,3,0,10,4,Suroriente,76494.33312972092,True,True,32065000.0
San Miguel,Casa,152.29589128969056,32.739280091067435,5,2,3,38,1,Oeste,133627.72067596365,False,False,48214000.0
Macul,Departamento,188.71547565895474,113.89099550226331,2,3,0,33,17,Norponiente,88073.78060227908,True,False,112590000.0
Recoleta,Casa,90.07531916418321,63.0550743586639,3,3,3,25,1,Nororiente,128052.10657029906,False,False,63669000.0
La Reina,Casa,32.9509071315813,32.9509071315813,4,2,0,17,1,Suroriente,99339.6664576826,False,False,62854000.0
Conchalí,Departamento,84.54368075490436,84.54368075490436,2,4,1,20,9,Este,103624.45899597277,False,True,59136000.0
Conchalí,Departamento,162.72303133973472,43.56518161113945,2,3,3,35,1,Sur,175519.86919287257,True,False,23162000.0
La Reina,Casa,147.4264929267387,96.5897514985754,2,4,1,39,1,Este,50000.0,False,False,162403000.0
Las Condes,Departamento,73.87836569942606,73.87836569942606,4,3,3,21,19,Suroriente,147737.53772176223,True,False,271561000.0
Santiago Centro,Casa,196.05860688823708,118.03702861748413,1,3,3,29,1,Nororiente,167272.53891332468,False,False,109431000.0
Conchalí,Casa,187.41400329631995,124.2061346192809,5,2,2,29,1,Oeste,88900.29294111724,False,False,89898000.0
La Reina,Casa,83.34969683616794,83.34969683616794,3,3,0,7,1,Nororiente,166888.26771815753,True,False,201840000.0
San Miguel,Departamento,82.83549985175166,75.58501413678401,1,1,1,33,11,Surponiente,72048.8016579588,False,True,31355000.0
La Reina,Casa,90.35860313102552,90.35860313102552,3,1,1,8,1,Oeste,87000.82271681863,False,False,124025000.0
Huechuraba,Casa,94.6333612305727,94.6333612305727,5,2,1,19,1,Oeste,81241.64782044826,True,False,143916000.0
Independencia,Departamento,167.5269003964222,88.90840241441197,4,4,0,39,13,Suroriente,167564.60818012923,False,True,88361000.0
Vitacura,Departamento,141.2664530238297,79.30975542307894,2,4,2,24,5,Norte,50000.0,False,False,205593000.0
Las Condes,Departamento,163.8539384675294,105.52681030671961,2,4,1,18,20,Suroriente,202007.36130127875,False,False,283058000.0
La Florida,Departamento,153.678257159335,91.54908081478447,4,1,0,4,1,Sur,104753.07169430554,False,True,67328000.0
Vitacura,Casa,205.72635340968662,36.49162304328804,1,4,3,10,1,Nororiente,150745.60770786778,True,False,136776000.0
Independencia,Casa,67.03072280954298,67.03072280954298,1,4,1,14,1,Oeste,146435.39606818656,False,False,54335000.0
Independencia,Casa,139.0179265191958,36.12950364944944,3,2,1,7,1,Suroriente,127561.58941032595,False,False,27249000.0
Independencia,Casa,30.0,30.0,4,4,2,18,1,Suroriente,89965.69692612201,False,False,34905000.0
Vitacura,Departamento,54.15222129515708,54.15222129515708,1,1,1,22,14,Nororiente,182118.6281463927,False,True,44717000.0
Maipú,Casa,116.25733070325765,91.47499216745383,4,1,1,26,1,Nororiente,94257.43671394479,False,False,54727000.0
Santiago Centro,Casa,140.91033063772682,105.62375624796945,5,1,3,39,1,Surponiente,83437.56711395478,False,False,116408000.0
La Reina,Departamento,114.90921289852152,114.90921289852152,2,2,0,31,14,Oeste,163885.51417617666,False,True,118486000.0
Recoleta,Casa,91.6403790593661,91.6403790593661,2,2,0,25,1,Norponiente,127287.4809768435,False,False,50499000.0
Santiago Centro,Casa,100.52910612534811,100.52910612534811,2,3,2,26,1,Surponiente,187891.07875581004,True,False,131910000.0
Macul,Casa,188.4720488212052,164.86991274775698,4,4,3,18,1,Este,116866.64542722501,True,False,329365000.0
San Miguel,Casa,100.79839110599298,100.79839110599298,4,2,0,28,1,Sur,87456.23136521268,True,False,118052000.0
Ñuñoa,Casa,207.4620811021764,101.42759201068796,3,1,3,38,1,Sur,133737.17365119493,True,False,114787000.0
Maipú,Casa,159.70085367705667,47.331155646951366,2,1,0,32,1,Norponiente,97619.14219562983,False,False,17274000.0
La Florida,Departamento,142.87686730741152,85.33480270398422,3,2,3,18,23,Norte,88903.87443471473,False,False,83305000.0
Santiago Centro,Departamento,60.32015448395022,60.32015448395022,2,2,2,36,22,Surponiente,161594.4096827937,True,False,55766000.0
Recoleta,Casa,166.76190806998136,73.95764599502455,3,2,1,18,1,Norponiente,211577.7533637514,True,False,69831000.0
Providencia,Casa,95.31147111257503,95.31147111257503,3,3,2,32,1,Norte,107676.91040407548,True,False,226391000.0
Independencia,Departamento,60.27801209971501,60.27801209971501,5,1,0,15,4,Norte,71262.94068570348,False,True,43277000.0
Conchalí,Casa,145.64218065396886,54.964016891355655,3,3,2,22,1,Norponiente,112327.18250500907,False,False,39835000.0
Macul,Casa,50.60269697167301,50.60269697167301,4,3,1,6,1,Sur,145740.0614947962,True,False,92958000.0
Ñuñoa,Casa,81.8879268935209,81.8879268935209,3,4,2,25,1,Este,132873.9764238735,True,False,186068000.0
Las Condes,Departamento,119.49420442655443,119.49420442655443,2,1,0,31,13,Sur,179711.5847235856,True,False,134890000.0
La Florida,Casa,230.92107120573638,25.0,3,1,0,11,1,Suroriente,153254.491913785,True,False,17890000.0
San Miguel,Departamento,85.65421221037562,85.65421221037562,1,2,2,7,5,Sur,64829.526594504554,True,False,83165000.0
Ñuñoa,Casa,97.08917403497124,67.6594103162445,2,2,1,4,1,Sur,95334.08246796124,False,False,81313000.0
Independencia,Departamento,156.61725272108225,121.11819091171022,1,4,2,27,23,Surponiente,50958.29400123372,True,True,117022000.0
Conchalí,Departamento,58.085215581197694,58.085215581197694,2,3,1,4,7,Norponiente,177233.9672815094,False,False,40220000.0
Maipú,Casa,142.14031905104576,142.14031905104576,4,2,3,25,1,Norponiente,50000.0,True,False,149707000.0
Conchalí,Departamento,180.2963403808294,50.89751498109252,4,2,1,4,1,Suroriente,55833.383468884385,True,True,45017000.0
Vitacura,Casa,104.64525576444494,32.21930651990908,4,1,3,21,1,Suroriente,94409.87669974135,False,False,77619000.0
Conchalí,Departamento,171.30771406984329,147.2138639539171,1,1,2,14,24,Surponiente,148195.87015524085,True,True,50660000.0
Vitacura,Casa,134.5724961605903,95.68223246375999,5,2,1,12,1,Norponiente,93917.32931471744,False,False,310109000.0
Macul,Casa,83.46590180981097,69.9647423479168,2,1,3,27,1,Sur,101738.5293142754,False,False,42153000.0
Maipú,Departamento,110.10976570517468,110.10976570517468,4,4,3,32,21,Este,102723.60633636499,True,False,142688000.0
San Miguel,Casa,101.01213300098789,83.48481690162237,2,2,3,22,1,Norte,128639.1311179123,True,False,96472000.0
Puente Alto,Casa,115.61808710917612,115.61808710917612,1,1,0,32,1,Nororiente,58974.42323649991,False,False,23219000.0
Independencia,Departamento,127.63589496099142,92.6792723127493,5,4,2,17,14,Norte,72641.14759759765,False,False,130315000.0
Vitacura,Casa,149.40999674859285,118.89551713312667,1,1,3,29,1,Suroriente,204046.18493979453,True,False,113839000.0
Las Condes,Casa,145.43341247935678,54.21869243454446,2,1,1,25,1,Suroriente,140119.95485985058,False,False,61697000.0
Conchalí,Departamento,30.0,30.0,5,1,3,15,20,Norte,158039.10859264227,True,False,27637000.0
Conchalí,Departamento,115.13459056139867,115.13459056139867,5,2,0,12,8,Nororiente,122901.42657276083,False,True,87863000.0
Las Condes,Casa,44.52890432966187,44.52890432966187,1,3,2,38,1,Sur,112985.987587863,True,False,81067000.0
San Miguel,Casa,106.21363737663371,45.29320291952025,4,1,0,32,1,Este,142856.547304764,False,False,37404000.0
Providencia,Departamento,113.810520609454,113.810520609454,2,4,0,25,19,Este,156380.68418380665,False,True,250145000.0
Macul,Departamento,168.80741790423545,89.45135602534927,3,2,0,0,1,Norte,162303.78373458594,True,True,110274000.0
La Reina,Casa,118.49422664499502,118.49422664499502,3,2,1,37,1,Nororiente,113672.02200903298,False,False,158907000.0
Puente Alto,Departamento,132.960900917163,77.08702145013565,1,4,2,1,15,Surponiente,167768.82781391605,False,True,77115000.0
La Florida,Casa,159.65281903287146,100.43556258728388,2,1,2,5,1,Suroriente,50000.0,False,False,58886000.0
Recoleta,Casa,181.387612990965,101.88509408477617,2,3,1,37,1,Oeste,164614.35048625607,False,False,74613000.0
Vitacura,Casa,113.84930383215448,25.0,1,1,2,23,1,Sur,98654.7021628099,False,False,22068000.0
Las Condes,Casa,124.70897208402044,113.29792498619324,2,4,0,17,1,Surponiente,147669.12231508485,False,False,295696000.0
Recoleta,Casa,120.50116511211269,120.50116511211269,4,2,2,26,1,Norte,87533.61371520684,False,False,99138000.0
Maipú,Departamento,92.8700517784462,92.8700517784462,1,3,1,7,17,Este,53665.27349611113,True,False,77493000.0
San Miguel,Departamento,81.54423882788052,51.69167004441047,4,2,0,27,13,Suroriente,136985.20156583338,False,False,54368000.0
Vitacura,Departamento,30.0,30.0,2,4,1,9,1,Surponiente,50000.0,False,False,76702000.0
La Reina,Departamento,66.16695327378352,66.16695327378352,1,1,3,16,5,Surponiente,100016.12858886464,True,False,55094000.0
Recoleta,Casa,31.068458339509817,31.068458339509817,2,3,0,28,1,Norponiente,79378.51544479237,False,False,20095000.0
Maipú,Casa,182.75992422266262,87.03491574279825,1,2,0,5,1,Norponiente,111248.37308532618,False,False,43272000.0
Ñuñoa,Casa,129.42080041487142,80.31403096704277,2,2,2,13,1,Nororiente,159860.45597986362,True,False,104969000.0
Independencia,Casa,113.70305135265832,80.14760978532772,4,2,0,21,1,Nororiente,95507.73572727545,False,False,62898000.0
Conchalí,Departamento,84.12574069594592,84.12574069594592,4,1,1,5,15,Norte,135728.8773706306,False,False,51559000.0
Ñuñoa,Casa,121.48896316173119,33.715040197614876,2,3,2,25,1,Surponiente,156967.3019113544,True,False,46754000.0
Vitacura,Casa,77.6010061172333,75.12507356578374,1,1,3,38,1,Oeste,89637.24746031064,True,False,78576000.0
La Reina,Departamento,128.70092783103019,128.70092783103019,3,1,1,11,3,Este,90362.32356404487,False,False,148101000.0
Puente Alto,Departamento,132.28669914606766,132.28669914606766,4,1,3,34,16,Norte,188466.44511001054,False,True,92101000.0
Recoleta,Departamento,76.93081488216282,30.87411648793352,4,4,3,13,14,Oeste,116030.56801110464,True,False,63113000.0
Macul,Departamento,75.9769017588797,44.743455549455646,3,4,3,21,12,Suroriente,145456.93965659372,False,False,71589000.0
Independencia,Casa,168.10996772975588,79.17517681888253,2,4,0,22,1,Nororiente,145078.0546179612,True,False,80575000.0
Vitacura,Casa,117.35700228543499,117.35700228543499,1,3,1,6,1,Norponiente,60100.6196961011,True,False,310156000.0
San Miguel,Departamento,80.94897853675548,25.0,2,1,1,39,17,Sur,81956.20619140024,True,False,17565000.0
Las Condes,Casa,101.47468491552405,87.80765460330088,5,1,0,24,1,Surponiente,138767.36817700102,False,False,171205000.0
Macul,Casa,69.47029566466964,69.47029566466964,4,4,2,12,1,Suroriente,50000.0,True,False,143883000.0
Macul,Casa,116.64082096690416,116.64082096690416,5,1,3,20,1,Norponiente,109435.11914807877,True,False,181468000.0
Macul,Departamento,161.58141538322343,25.0,4,1,1,9,23,Este,76735.80638036088,True,False,29458000.0
Santiago Centro,Casa,118.61646662028693,93.70162461974489,4,2,0,8,1,Este,175525.30709883268,False,False,115842000.0
Vitacura,Departamento,238.18167218376922,74.25562250605626,5,1,3,14,11,Norponiente,137305.77265774747,False,False,206527000.0
Independencia,Casa,141.06797840245008,141.06797840245008,5,2,2,1,1,Suroriente,179562.31486953385,False,False,170130000.0
Conchalí,Casa,131.49772239211063,113.90610585412999,2,1,2,24,1,Norponiente,118043.76832233235,True,False,41277000.0
Conchalí,Casa,74.58489345170972,66.56737362969061,5,3,3,12,1,Oeste,114305.54036164888,False,False,72882000.0
Vitacura,Departamento,108.07332765786666,108.07332765786666,2,4,2,33,11,Norte,104753.52404602175,False,False,301406000.0
Maipú,Casa,81.04930784831538,74.44684586765705,2,2,1,33,1,Nororiente,94846.53002224538,True,False,39515000.0
Santiago Centro,Departamento,30.0,30.0,2,4,1,34,4,Oeste,254232.81695279924,True,False,42184000.0
Las Condes,Departamento,168.71311110644038,80.51692036457688,4,2,1,37,24,Sur,160358.4757896611,False,False,180339000.0
Macul,Departamento,94.42747222248845,94.42747222248845,4,2,2,2,12,Norponiente,66690.57270316087,False,False,132454000.0
Macul,Casa,81.97999628333469,81.97999628333469,5,2,1,5,1,Sur,251965.44345810893,True,False,143873000.0
Vitacura,Casa,130.52850169792325,130.52850169792325,4,3,0,18,1,Sur,99751.00324988634,False,False,389143000.0
Maipú,Casa,145.62497761107585,87.88415978335982,5,1,1,2,1,Oeste,136057.6000088428,True,False,98735000.0
Conchalí,Casa,103.96125835468607,103.96125835468607,4,2,1,17,1,Nororiente,166979.86859359327,True,False,80654000.0
Conchalí,Departamento,119.86991661954909,70.82301033136275,1,3,2,38,5,Suroriente,50000.0,False,False,30632000.0
La Reina,Departamento,157.30937036572016,90.10741363019115,1,2,1,8,6,Este,78633.65991754505,False,False,101404000.0
Vitacura,Departamento,101.99032026950262,25.0,5,1,3,11,1,Norte,202408.2412285345,False,True,65437000.0
Santiago Centro,Casa,135.1166870881667,108.62336066164129,4,2,0,4,1,Surponiente,108758.56683318023,False,False,151165000.0
Providencia,Departamento,37.03776908054249,37.03776908054249,4,3,2,2,18,Este,169933.5058380436,True,True,137865000.0
Santiago Centro,Casa,57.93405007861257,57.93405007861257,2,1,0,10,1,Nororiente,97326.57796768272,False,False,37937000.0
San Miguel,Departamento,150.2769889040202,37.44554168090491,3,3,3,29,9,Surponiente,115247.01972565791,False,True,54429000.0
Conchalí,Casa,55.32206804163508,55.32206804163508,5,1,2,3,1,Este,209262.843303825,False,False,42869000.0
Conchalí,Casa,131.7068773556648,25.0,3,1,2,4,1,Norponiente,141875.61211490113,True,False,16308000.0
Ñuñoa,Departamento,112.65006089014636,112.65006089014636,3,4,1,0,8,Norponiente,102757.61165345006,False,False,246145000.0
Conchalí,Departamento,101.77663687398856,49.73946829161679,5,4,0,26,19,Oeste,85831.8269598576,False,False,44630000.0
Las Condes,Departamento,78.57686155161359,78.57686155161359,4,4,3,27,24,Sur,90406.23037933983,True,False,323367000.0
La Florida,Departamento,165.46700090526878,83.85049710691119,5,1,3,28,16,Surponiente,182078.00153685454,True,True,103084000.0
Vitacura,Casa,206.49455772599177,149.50908142633068,3,2,2,17,1,Nororiente,158274.91543194602,True,False,418296000.0
Recoleta,Departamento,135.00960813000972,93.41125271862954,4,3,1,11,6,Nororiente,62566.168396320434,True,True,122260000.0
Santiago Centro,Departamento,136.12453578364085,122.35571680424039,1,3,2,12,22,Este,124358.92784353516,True,False,175183000.0
La Florida,Departamento,85.8834685071253,85.8834685071253,5,3,2,1,3,Oeste,116659.17640969972,False,False,134714000.0
Maipú,Casa,60.195138408781006,60.195138408781006,5,4,2,36,1,Este,135804.6384784147,True,False,75507000.0
Providencia,Casa,118.01305475969127,80.43505221988165,4,1,2,15,1,Este,89821.4440429315,True,False,178826000.0
Las Condes,Departamento,71.3125176020962,71.3125176020962,1,4,3,23,14,Nororiente,174890.28058247117,True,True,227774000.0
Independencia,Casa,31.36949358420891,25.0,1,2,3,34,1,Este,119933.03613569874,True,False,13245000.0
Huechuraba,Departamento,160.1722906182791,124.29893992004943,4,1,2,21,12,Sur,138671.82587927047,True,False,137826000.0
Santiago Centro,Casa,162.60833941259165,55.335215653434716,2,3,2,35,1,Este,80765.4887942842,True,False,70552000.0
La Florida,Casa,77.05806135234528,70.2900178888019,5,4,1,10,1,Surponiente,83284.3431164719,True,False,134511000.0
Independencia,Casa,132.1982160639622,112.77657067604142,5,4,2,28,1,Sur,252875.55546334502,True,False,160978000.0
Providencia,Casa,170.09761338958833,112.45608199390972,3,2,3,34,1,Nororiente,210003.99762133416,False,False,183509000.0
Ñuñoa,Departamento,130.25133435309394,114.25712054760285,4,2,0,14,18,Oeste,116515.94185585441,False,True,170465000.0
Independencia,Departamento,60.34226769506333,34.553682235790475,3,4,3,30,7,Norponiente,196650.19753634697,False,True,38128000.0
Las Condes,Departamento,108.35532933814507,108.35532933814507,3,2,1,15,7,Surponiente,180636.8757131215,True,True,275444000.0
Las Condes,Casa,186.34047100209955,53.97411527089297,1,3,3,9,1,Sur,88739.44854754304,True,False,131231000.0
Recoleta,Departamento,132.35133218025564,59.30851639099203,5,2,0,31,4,Oeste,83753.33992989323,True,False,52836000.0
Ñuñoa,Departamento,146.95660515914028,115.51586952667314,3,2,2,1,20,Oeste,153433.83126756584,False,True,188479000.0
Huechuraba,Departamento,137.0814609684557,78.53115300955038,1,4,0,23,1,Sur,133003.0319056411,True,False,84154000.0
Vitacura,Casa,77.22443210108733,77.22443210108733,4,4,2,22,1,Nororiente,99899.76918306398,True,False,288901000.0
Independencia,Casa,88.95773903586786,25.0,3,1,2,1,1,Norte,156061.32718743687,True,False,18547000.0
Ñuñoa,Casa,136.94325785258712,101.37297798076926,5,1,3,37,1,Oeste,50000.0,False,False,125248000.0
Las Condes,Departamento,160.8435890010204,98.71327518048861,3,4,3,30,24,Oeste,125750.07639262285,False,True,316214000.0
Las Condes,Departamento,174.99524754589413,69.60565848942866,4,2,3,39,24,Nororiente,58053.8173218622,True,False,186711000.0
La Florida,Departamento,77.09472276159033,25.0,3,2,1,25,9,Nororiente,59700.43282374686,False,False,17109000.0
Conchalí,Casa,141.65602673385968,81.48766954073581,5,1,3,28,1,Este,84661.76051737968,True,False,61331000.0
Huechuraba,Casa,179.3522055859488,88.50504560805548,1,1,1,2,1,Nororiente,138164.36381719942,True,False,47085000.0
Independencia,Departamento,70.64591148559887,70.64591148559887,5,1,3,13,10,Oeste,86238.14955576847,False,True,70653000.0
Recoleta,Casa,194.3373567899887,25.0,1,3,2,24,1,Sur,59094.56960248091,False,False,18803000.0
Recoleta,Casa,201.9470413672095,153.78936029267663,2,3,1,0,1,Norte,143862.46013384734,False,False,153997000.0
Independencia,Casa,251.25431698108304,64.44553888222508,5,1,0,2,1,Suroriente,194637.35222205182,False,False,57647000.0
San Miguel,Casa,131.54667204149973,81.11181348308396,5,2,1,25,1,Este,151942.5217101006,True,False,113472000.0
Macul,Departamento,131.82123381312243,25.0,4,1,1,17,11,Suroriente,210089.9362296823,True,True,30753000.0
Providencia,Casa,161.34971945586588,153.79421394792828,3,3,0,8,1,Sur,190458.9196801294,False,False,347538000.0
Recoleta,Casa,159.89013365247084,71.33800273063775,1,2,1,37,1,Norte,95628.58937450322,False,False,32874000.0
Ñuñoa,Casa,176.31834304978028,93.9385126829681,1,3,2,22,1,Norte,151607.99096820553,True,False,115923000.0
Providencia,Casa,159.2016590232552,134.82949779266605,4,2,3,20,1,Norte,115418.46032224216,True,False,359795000.0
Ñuñoa,Departamento,114.69690454809806,62.947831811334964,4,3,0,0,15,Norponiente,173104.98905990296,True,True,167688000.0
Maipú,Departamento,181.09985604867512,128.52979949546176,3,2,3,20,13,Sur,115409.42213682146,True,False,133214000.0
Las Condes,Casa,66.43729251536371,25.0,3,2,2,26,1,Surponiente,80565.17453953667,False,False,43476000.0
Conchalí,Casa,120.29261683626882,112.03946630285253,5,2,0,5,1,Este,188670.2971175127,False,False,92701000.0
La Florida,Casa,198.18678080248998,152.8896866607861,2,2,3,35,1,Este,135889.77753616846,False,False,93246000.0
Recoleta,Casa,57.48767509398403,57.48767509398403,3,4,3,27,1,Norte,86823.51643453844,True,False,78997000.0
Conchalí,Casa,86.12621715014185,86.12621715014185,4,3,2,16,1,Sur,95063.68499630885,True,False,79085000.0
Conchalí,Casa,153.58736455386457,153.58736455386457,3,3,3,39,1,Norponiente,86503.96777807579,False,False,102041000.0
Conchalí,Departamento,139.69559866180762,79.80632647783924,1,4,2,2,7,Norte,69912.62836451418,False,False,58012000.0
Macul,Casa,76.24872961718776,76.24872961718776,2,2,1,11,1,Nororiente,96124.23288782247,False,False,65990000.0
Providencia,Departamento,99.19029986349298,54.06825016670784,5,2,2,38,18,Surponiente,138651.06068656032,True,True,137443000.0
Ñuñoa,Departamento,60.960896867483044,60.960896867483044,1,3,1,11,18,Suroriente,123203.033509309,False,True,74570000.0
Puente Alto,Casa,169.0242499760286,57.38560438909519,1,4,0,1,1,Este,98089.15318089204,True,False,57518000.0
Maipú,Departamento,107.20593211647342,54.03555606291091,2,2,3,21,9,Suroriente,194775.3734398612,False,True,40291000.0
Santiago Centro,Departamento,209.6077955380316,137.95341186845425,5,2,2,22,24,Oeste,50000.0,False,False,225940000.0
Conchalí,Departamento,124.05501220200108,58.402958988469614,4,2,2,29,2,Norte,135306.79575778553,False,False,30437000.0
Vitacura,Departamento,109.01298482985617,100.34087658878492,5,1,3,4,8,Nororiente,112862.03725912032,True,True,376082000.0
Providencia,Departamento,104.15891193541012,91.52933740864951,3,4,3,8,20,Este,71490.93851017598,True,False,390705000.0
Recoleta,Departamento,107.79000824037858,107.79000824037858,1,2,0,20,2,Suroriente,138222.71728938588,True,False,57828000.0
Huechuraba,Casa,125.54105475669014,69.87375071779945,3,1,0,10,1,Surponiente,109012.58938194225,True,False,61989000.0
Recoleta,Departamento,245.62037882891593,105.24592186617289,4,4,2,4,7,Norponiente,182353.6733106947,True,False,204536000.0
La Florida,Departamento,103.05701649503203,103.05701649503203,3,2,0,34,6,Sur,163403.26212057332,True,False,77790000.0
Santiago Centro,Departamento,104.68232696143453,104.68232696143453,5,3,1,26,10,Este,215306.53681869927,False,True,181692000.0
Puente Alto,Casa,123.27969228415893,69.28986619818933,3,1,0,1,1,Surponiente,95834.10347430038,True,False,41466000.0
Vitacura,Departamento,174.51372531721302,65.28430125070479,4,1,0,23,11,Suroriente,189827.72448737576,False,True,109535000.0
Recoleta,Casa,48.950771946361044,47.528757841597894,4,2,2,30,1,Sur,61707.26159922894,True,False,46326000.0
Puente Alto,Departamento,142.75463684548225,142.75463684548225,4,2,1,32,2,Suroriente,114468.17503622104,False,False,86136000.0
Santiago Centro,Casa,79.1287411989419,79.1287411989419,5,1,0,38,1,Sur,96737.64736828643,False,False,70534000.0
Conchalí,Casa,147.66363444754745,88.31194422751827,4,3,1,29,1,Norponiente,150122.27064547045,True,False,63743000.0
Vitacura,Departamento,95.3120028819772,95.3120028819772,1,3,1,36,19,Norponiente,148913.7899121776,False,True,178112000.0
Puente Alto,Departamento,30.0,30.0,4,4,1,27,2,Norte,74969.02033860143,True,True,31525000.0
La Florida,Casa,138.47888013437426,118.97641885734117,3,2,3,30,1,Norte,152909.60869922081,True,False,101680000.0
Ñuñoa,Departamento,138.05723851734342,90.40687606890883,3,3,3,10,20,Este,100975.54585780541,True,False,217033000.0
Las Condes,Casa,91.0459845760285,91.0459845760285,3,4,3,22,1,Norponiente,79160.13200241531,True,False,340953000.0
Ñuñoa,Casa,88.08280699284988,88.08280699284988,5,3,3,1,1,Nororiente,119410.93189288363,False,False,255869000.0
Santiago Centro,Casa,54.431363745617375,54.431363745617375,3,2,2,39,1,Suroriente,50000.0,True,False,57363000.0
Providencia,Casa,158.65499707694357,133.6999415234141,5,4,0,26,1,Suroriente,166565.3174994386,False,False,381969000.0
Las Condes,Casa,164.1107891233404,118.63809670735604,5,4,3,34,1,Suroriente,117218.95947791399,False,False,425467000.0
Maipú,Departamento,76.04745574120551,76.04745574120551,4,4,2,1,22,Este,118312.71891009797,False,False,110734000.0
La Florida,Casa,93.00327702305746,93.00327702305746,1,3,0,38,1,Suroriente,115641.66864567465,True,False,61960000.0
Maipú,Casa,116.83554394305183,53.737204728914634,4,2,3,36,1,Oeste,202342.50433458918,False,False,43294000.0
Macul,Departamento,233.54326405177733,158.3754426623081,4,4,0,20,1,Sur,195943.88444149104,True,False,240757000.0
Vitacura,Casa,147.2560873794466,79.49775065730297,5,1,3,4,1,Suroriente,187538.05466995935,False,False,253668000.0
Independencia,Departamento,72.82922424958105,72.82922424958105,5,2,2,20,24,Surponiente,115747.9177870581,True,False,86078000.0
Las Condes,Departamento,135.18901547452526,115.41525435289076,3,1,1,28,14,Sur,64218.75437550314,True,False,175834000.0
Maipú,Departamento,51.16542296809591,51.16542296809591,3,1,1,19,4,Norte,119201.02785580429,True,False,31916000.0
Recoleta,Casa,155.89951549580854,126.61668084921098,4,4,0,37,1,Suroriente,135720.0210363591,True,False,137978000.0
Maipú,Casa,203.77736967722427,132.93511689265995,2,4,2,19,1,Surponiente,160630.5151946639,False,False,142872000.0
Puente Alto,Casa,203.9895842541979,81.00665987811009,2,3,1,24,1,Nororiente,135559.13705501216,False,False,51748000.0
Ñuñoa,Departamento,156.74467517371693,155.01869367822587,3,3,3,1,23,Surponiente,68675.28619052068,True,False,374218000.0
Puente Alto,Casa,90.82938220659352,79.3238578335494,2,3,1,31,1,Norponiente,93229.22648298902,False,False,42760000.0
Macul,Departamento,54.95491217429371,54.95491217429371,3,2,0,25,16,Norponiente,88693.1734375539,True,True,59923000.0
Las Condes,Casa,49.98974783154455,49.98974783154455,5,3,0,5,1,Norte,146952.65252029104,True,False,197823000.0
Las Condes,Departamento,30.0,30.0,4,1,2,2,13,Oeste,148179.87266199835,False,False,66704000.0
Macul,Casa,154.69278815039607,131.7676435516346,1,3,0,32,1,Este,154731.5944040435,True,False,100412000.0
Santiago Centro,Casa,114.85822398878003,114.85822398878003,4,4,1,0,1,Este,135051.79273361765,True,False,301539000.0
Puente Alto,Casa,165.46080832265636,75.52960446718731,3,3,1,4,1,Nororiente,50000.0,True,False,73596000.0
La Reina,Departamento,191.4015742617394,138.61286298712315,3,2,1,12,16,Norte,50000.0,True,True,323748000.0
Recoleta,Departamento,124.9952771951205,76.96354749199223,4,2,1,18,6,Norte,112990.61843301791,True,False,81463000.0
Huechuraba,Casa,127.29808048565751,89.58060092575982,3,1,2,11,1,Oeste,124903.89602331963,False,False,78936000.0
Ñuñoa,Casa,96.78398277512667,96.78398277512667,2,2,3,24,1,Suroriente,182683.27935764892,False,False,102928000.0
Las Condes,Departamento,102.6957791413796,47.05858859698776,2,3,3,34,17,Este,123889.75739975159,False,True,95330000.0
Santiago Centro,Departamento,156.4234956236467,36.47363725507509,3,4,2,11,11,Suroriente,71202.53345701765,True,False,82934000.0
Independencia,Departamento,111.28124848173448,86.51205404947403,3,2,0,29,19,Norte,153108.24038886843,True,True,58164000.0
Recoleta,Casa,104.0496166623588,104.0496166623588,2,1,3,4,1,Suroriente,119137.41535678787,True,False,71620000.0
Puente Alto,Departamento,119.08415702785744,108.54666286723527,3,3,0,33,11,Norponiente,99897.26072329824,True,True,84301000.0
Ñuñoa,Casa,164.31650980307947,104.42716702771985,3,1,3,21,1,Nororiente,50000.0,True,False,120719000.0
Independencia,Departamento,85.36692210849486,85.36692210849486,4,2,0,38,17,Este,124259.35040556164,True,True,71654000.0
Puente Alto,Casa,116.67357412239836,116.67357412239836,1,2,2,12,1,Oeste,131440.89554897303,False,False,59497000.0
Maipú,Departamento,132.26389188892148,25.0,2,1,1,2,7,Nororiente,70192.6847946975,True,True,14682000.0
Independencia,Departamento,178.01109517926196,59.96778779649037,4,3,0,19,10,Sur,157217.88941031377,False,False,60372000.0
Macul,Departamento,108.03516116002906,86.25550362866208,1,2,1,30,11,Norponiente,152739.83993254916,True,False,59226000.0
San Miguel,Departamento,84.1088306974139,84.1088306974139,3,4,0,4,3,Oeste,122445.62911964879,False,True,136743000.0
Santiago Centro,Departamento,95.78195278638222,95.78195278638222,3,2,0,23,20,Surponiente,120586.14289710205,True,False,105297000.0
Ñuñoa,Casa,172.65287165076896,54.59601167331439,4,3,0,39,1,Nororiente,167301.88733321242,False,False,75106000.0
Conchalí,Departamento,221.66526493017324,148.2831450214627,3,2,0,32,10,Norte,138376.51843905158,False,True,67700000.0
San Miguel,Departamento,54.312109315698365,54.312109315698365,5,1,0,7,14,Sur,84887.22755258199,True,False,78052000.0
Vitacura,Departamento,65.23491924650715,65.23491924650715,4,2,1,23,12,Oeste,110117.58581999262,True,False,198109000.0
Vitacura,Casa,111.56016066489273,111.56016066489273,1,2,0,19,1,Norte,147842.47009680397,False,False,144785000.0
Ñuñoa,Departamento,125.54780480340217,81.87055682772909,4,3,1,15,10,Norponiente,50000.0,True,False,169031000.0
Independencia,Casa,159.34847827774976,134.40470426665271,2,1,2,11,1,Surponiente,73423.69756051857,True,False,78028000.0
Puente Alto,Departamento,75.44334956992569,73.81583419547425,4,3,3,12,19,Sur,154106.88331694875,True,False,97321000.0
Santiago Centro,Departamento,66.8445481675268,66.8445481675268,3,2,0,38,1,Este,180443.88021080563,False,True,58138000.0
Huechuraba,Casa,126.9043576566815,126.9043576566815,3,4,3,24,1,Surponiente,171052.4370134006,True,False,231850000.0
Vitacura,Departamento,107.07996398964158,59.47502446929367,5,2,1,31,10,Norte,164664.66561238904,False,False,133923000.0
Santiago Centro,Casa,166.33604988857624,99.95716381266641,5,3,2,23,1,Nororiente,126487.19313357206,False,False,160720000.0
Vitacura,Casa,144.3679901595192,25.0,5,4,2,8,1,Suroriente,68554.82951561554,True,False,145493000.0
Maipú,Departamento,147.76896738166096,147.76896738166096,1,3,2,39,24,Oeste,110168.83077133827,False,True,95067000.0
Puente Alto,Casa,114.77593268115668,114.77593268115668,5,3,3,22,1,Sur,50000.0,True,False,160695000.0
Maipú,Departamento,237.77901292841028,200.0042879832302,1,1,1,12,7,Norte,185032.80431053767,True,False,64682000.0
Recoleta,Departamento,78.112600920312,78.112600920312,5,4,0,31,20,Este,79144.35987628455,False,True,93280000.0
Vitacura,Casa,150.54049168773875,44.81399081598074,1,2,0,14,1,Suroriente,93332.71199883985,False,False,56733000.0
Conchalí,Casa,56.515500646344634,56.515500646344634,4,3,1,35,1,Oeste,172930.95263202884,False,False,36939000.0
Conchalí,Casa,66.32661611302738,53.27964951112782,4,2,3,4,1,Oeste,50000.0,False,False,44149000.0
Maipú,Casa,89.63272006172724,89.63272006172724,3,1,0,21,1,Norte,60529.86879872843,False,False,40745000.0
Macul,Departamento,201.4661668309013,45.95438848089711,1,1,1,15,17,Este,133398.56719125673,True,True,25509000.0
San Miguel,Departamento,133.19472152270095,44.0338046304081,2,4,0,9,1,Norponiente,146019.02075337394,False,True,61021000.0
Conchalí,Casa,90.47609657278124,25.607541852132528,3,1,2,23,1,Suroriente,116414.96024129202,True,False,11638000.0
Vitacura,Departamento,138.72181629772865,70.46480714947994,4,1,0,17,20,Norponiente,118045.84435320461,True,False,159739000.0
Ñuñoa,Departamento,121.75739407122543,62.42088700865715,1,2,3,17,21,Sur,183418.89769472225,False,True,67681000.0
Maipú,Departamento,95.40133154304401,39.53403576642938,5,1,1,6,19,Norte,151815.92225303254,False,False,35651000.0
Recoleta,Departamento,50.16855721058862,50.16855721058862,2,1,3,3,4,Suroriente,145058.49672637729,False,False,28587000.0
Huechuraba,Casa,191.9271242256145,111.19522785546579,4,3,1,25,1,Sur,158782.32463968714,False,False,139383000.0
Huechuraba,Casa,130.4909064355021,106.48938159426847,3,1,2,4,1,Surponiente,104970.48626556911,False,False,107622000.0
Providencia,Departamento,228.68691867341192,153.56657676991705,1,3,1,15,4,Norponiente,228658.28320715105,True,True,306696000.0
San Miguel,Casa,167.01608102704398,100.25031168171738,2,1,0,34,1,Surponiente,50000.0,True,False,56102000.0
Independencia,Casa,147.56598623805212,60.05279193979442,1,1,0,25,1,Surponiente,192896.0512059391,True,False,16528000.0
Puente Alto,Casa,98.23978356915165,25.0,5,4,2,17,1,Suroriente,165105.37593715545,False,False,34398000.0
Conchalí,Departamento,65.23272180715416,57.79770430626385,3,4,1,28,18,Oeste,132414.4125775427,False,True,48348000.0
Conchalí,Departamento,109.11345077557763,109.11345077557763,1,3,2,22,12,Sur,124001.44788010557,True,True,67100000.0
Independencia,Departamento,63.78537028970846,39.7865553725536,4,1,0,13,10,Surponiente,112222.3351431447,False,True,30342000.0
Las Condes,Casa,152.5095190365377,104.12508951991506,3,2,3,14,1,Este,175172.17939817044,False,False,254572000.0
Recoleta,Departamento,201.6326248848565,131.3570057234223,4,4,2,32,7,Nororiente,118006.7763000058,False,False,158945000.0
La Reina,Departamento,106.9543866941435,101.41379361773006,1,2,3,24,9,Norponiente,83605.76302384565,True,True,131500000.0
Maipú,Casa,167.22454861955984,105.95933315162333,3,4,3,20,1,Norponiente,165099.1442660841,False,False,123199000.0
Macul,Departamento,85.53854648915717,85.53854648915717,4,4,1,16,19,Este,199238.31170299288,True,True,169494000.0
Recoleta,Departamento,104.87665808963244,104.87665808963244,5,1,2,22,16,Suroriente,50000.0,False,False,104888000.0
La Florida,Casa,79.25180077172786,79.25180077172786,5,4,3,16,1,Suroriente,237854.591538516,False,False,145297000.0
Conchalí,Casa,30.0,30.0,1,2,3,13,1,Suroriente,68163.43512351793,True,False,14951000.0
Puente Alto,Casa,118.17333250406946,99.61699507355144,3,4,1,28,1,Sur,71985.08617423236,False,False,80233000.0
Providencia,Departamento,126.42258687988763,25.0,2,3,1,19,5,Norte,57755.51402536936,False,False,41552000.0
Huechuraba,Departamento,173.29304993808188,25.0,3,1,0,29,16,Surponiente,120042.45262323126,False,False,15295000.0
Conchalí,Departamento,159.77191263346438,86.73315876592065,5,1,3,18,1,Oeste,56014.0857515683,True,True,62972000.0
Providencia,Casa,160.44764495194977,111.73518275779027,4,3,0,38,1,Nororiente,62086.99680745571,False,False,228069000.0
Vitacura,Casa,71.29818884410615,71.29818884410615,2,3,3,12,1,Norte,85572.49762081914,False,False,217412000.0
Recoleta,Departamento,142.9748653035346,142.9748653035346,1,3,0,17,7,Norte,126922.78375971697,False,False,82331000.0
Vitacura,Departamento,199.1296982740796,142.79442682661923,2,4,1,22,19,Este,131742.67994837556,False,False,355056000.0
La Reina,Casa,138.99339253545406,119.08662977592114,1,1,2,32,1,Sur,182059.86397050423,False,False,73823000.0
Ñuñoa,Casa,211.42968065324987,96.39859423095261,2,3,1,38,1,Norponiente,180907.43865974568,True,False,120034000.0
La Florida,Casa,220.94830555599316,28.750877472664904,1,4,0,39,1,Norponiente,171230.56570488017,True,False,24736000.0
Recoleta,Casa,106.57658648541772,84.15853577032807,1,3,0,17,1,Este,106919.14144671372,False,False,52877000.0
Las Condes,Departamento,85.15301274597141,85.15301274597141,2,2,2,8,8,Sur,50000.0,False,True,164189000.0
La Reina,Casa,81.9268917290525,81.9268917290525,2,2,3,32,1,Este,50000.0,True,False,116771000.0
Santiago Centro,Departamento,44.193208994839,38.546634132682065,1,1,0,31,2,Norponiente,170886.49380549064,False,False,11597000.0
Las Condes,Departamento,94.0798550292239,94.0798550292239,5,4,0,16,15,Norte,162187.7235853685,False,False,340155000.0
San Miguel,Departamento,180.38327248781232,111.13571247470881,2,2,0,18,20,Oeste,89164.77687779767,False,False,88766000.0
Maipú,Casa,30.0,30.0,3,2,2,26,1,Surponiente,50000.0,False,False,20490000.0
Puente Alto,Casa,68.12732996431268,68.12732996431268,4,4,1,5,1,Suroriente,67642.44884154543,False,False,83051000.0
Recoleta,Casa,113.64342791740012,113.64342791740012,1,3,0,34,1,Sur,128734.71510997637,False,False,56392000.0
Santiago Centro,Casa,76.14073996891499,76.14073996891499,1,4,2,36,1,Surponiente,128828.04999274685,False,False,75641000.0
Santiago Centro,Departamento,93.63570278798898,64.34164938274378,4,3,0,33,24,Nororiente,172126.56365635,False,True,84921000.0
La Reina,Casa,94.38351627888483,94.38351627888483,5,2,3,19,1,Nororiente,97482.27713962519,True,False,278605000.0
Independencia,Casa,107.12298899691255,82.42419437011145,4,2,2,24,1,Norte,107798.19857491789,True,False,86443000.0
San Miguel,Departamento,83.52726519451306,30.51064529015028,2,2,0,3,4,Este,176266.06529832195,False,False,26131000.0
Ñuñoa,Casa,79.4393393072226,67.53571859847345,4,1,2,9,1,Este,50000.0,False,False,87330000.0
Recoleta,Departamento,166.71548729606155,27.452412586182994,1,1,0,9,13,Norponiente,135872.64734585132,False,False,8549000.0
Independencia,Departamento,172.48270889301727,129.20374140280418,4,1,1,23,18,Norte,103288.56106840321,False,False,84314000.0
La Reina,Departamento,50.97283273762953,50.97283273762953,3,4,0,20,24,Norponiente,155637.98894768715,True,False,134276000.0
Maipú,Departamento,30.0,30.0,2,2,2,10,2,Norponiente,145630.3301430671,True,True,24919000.0
Huechuraba,Departamento,173.16874247854656,146.82085373154592,4,2,3,26,16,Nororiente,85184.51778051673,True,True,234558000.0
Conchalí,Departamento,58.559979072393126,58.559979072393126,1,4,3,15,1,Norponiente,94633.2571760509,True,True,43636000.0
Conchalí,Departamento,130.637241922987,32.75108976132502,2,1,3,25,19,Surponiente,50000.0,False,False,11262000.0
Ñuñoa,Departamento,41.71640634858913,41.71640634858913,1,4,0,29,9,Suroriente,157499.574913091,False,False,50179000.0
Maipú,Casa,184.8877492629836,155.31416749093168,5,1,1,15,1,Norponiente,131988.69100323154,False,False,124270000.0
Macul,Casa,247.1833947650764,63.220974996434265,3,2,0,6,1,Nororiente,189925.61777258565,True,False,77273000.0
Ñuñoa,Casa,129.14034546026684,101.00885155031321,5,3,3,15,1,Suroriente,100029.99819197266,False,False,260968000.0
Recoleta,Casa,115.29486757702416,115.29486757702416,3,1,2,34,1,Este,165716.7798824013,False,False,66604000.0
Recoleta,Departamento,103.89302124049681,103.89302124049681,4,2,3,15,10,Sur,66503.69772179303,True,True,145083000.0
Providencia,Casa,159.08996556564557,159.08996556564557,2,2,2,39,1,Oeste,50000.0,True,False,234843000.0
Independencia,Departamento,148.38433754672928,42.947869723069246,4,3,1,11,9,Norponiente,115274.3029816116,True,True,55372000.0
Macul,Casa,170.17492267764322,46.94147677868788,3,2,2,34,1,Surponiente,91665.91224734872,True,False,45434000.0
Conchalí,Casa,88.60417387009588,43.60982211591468,3,2,0,20,1,Suroriente,67458.92871076398,True,False,24826000.0
Santiago Centro,Casa,137.00588532023224,78.1632631593246,3,1,0,35,1,Sur,164905.26967433083,False,False,46682000.0
Independencia,Departamento,92.8765966646902,92.8765966646902,1,1,0,16,5,Nororiente,180412.33367717787,False,True,27758000.0
La Florida,Casa,67.1142175964973,48.73061680813955,2,3,2,31,1,Sur,125271.06396829305,True,False,45509000.0
Recoleta,Departamento,117.94922894982682,117.94922894982682,4,3,0,5,22,Oeste,110874.04651909173,False,True,155347000.0
San Miguel,Departamento,73.87436348114589,73.87436348114589,4,2,0,23,9,Surponiente,123135.41869512612,False,False,74589000.0
Puente Alto,Casa,178.6863498871294,45.640132271563054,5,1,0,26,1,Sur,87353.68780493361,False,False,24840000.0
Maipú,Casa,76.90398109920885,25.0,3,3,1,19,1,Surponiente,148129.7974214201,False,False,23120000.0
Las Condes,Casa,138.177297034368,28.89718024762695,3,3,2,24,1,Suroriente,50000.0,True,False,82010000.0
Ñuñoa,Departamento,89.82888506201388,63.36586367064304,3,4,2,1,23,Sur,66346.09357849037,False,False,164837000.0
Recoleta,Casa,133.8531375218756,83.23395297026718,4,3,3,8,1,Surponiente,80436.9424346599,False,False,114447000.0
Independencia,Departamento,93.80017132723218,93.80017132723218,5,2,2,27,9,Sur,147067.77154907645,False,False,86188000.0
Macul,Departamento,57.13943625712312,57.13943625712312,1,1,1,37,6,Sur,104875.50714783782,True,False,23395000.0
Puente Alto,Casa,144.18863704759227,56.44234991678791,2,3,2,2,1,Norte,188019.51973515365,False,False,49025000.0
San Miguel,Casa,108.22921890433891,106.34661133488673,1,4,1,19,1,Norponiente,160165.48781892544,True,False,147832000.0
Independencia,Departamento,134.29924703612298,134.29924703612298,4,1,1,5,9,Nororiente,79945.34122188271,True,True,132618000.0
Las Condes,Departamento,98.55785321847812,98.55785321847812,3,3,2,38,17,Oeste,151673.28951993102,True,True,261457000.0
Puente Alto,Departamento,53.603174311577405,53.603174311577405,2,4,3,32,1,Nororiente,99589.64859239908,True,True,44323000.0
La Florida,Casa,174.15892985281283,128.33153718820006,4,3,0,0,1,Norte,143659.02475119816,False,False,162020000.0
Las Condes,Departamento,156.83788777205442,145.59821467551296,4,1,0,36,6,Norte,162588.60817964867,True,True,226246000.0
La Reina,Casa,91.6519512223378,29.717123072864517,4,1,2,5,1,Suroriente,175735.73009063583,True,False,67861000.0
Vitacura,Departamento,123.48896067493989,69.50371651361212,2,1,2,33,2,Norte,130101.07849189584,True,True,94035000.0
La Reina,Departamento,172.10097415814687,172.10097415814687,2,2,1,14,9,Norponiente,200006.18432401092,True,False,293477000.0
Conchalí,Casa,97.14808320688016,77.95855559516384,5,3,2,25,1,Norte,142065.7178030636,True,False,77150000.0
Independencia,Departamento,104.90577474047241,25.0,5,2,1,13,4,Sur,126752.60797288154,False,True,23281000.0
Recoleta,Casa,132.18162500036868,85.1615275845311,1,1,3,6,1,Nororiente,104874.28061700318,True,False,39707000.0
Recoleta,Casa,97.04544682227069,97.04544682227069,2,4,2,30,1,Este,88434.54899058162,False,False,96201000.0
Recoleta,Departamento,162.85459984935113,90.26041747203584,2,3,0,23,15,Oeste,140994.1863030853,False,False,63814000.0
San Miguel,Casa,111.55496098462811,111.55496098462811,2,2,0,30,1,Norte,125037.88184899921,True,False,93172000.0
Vitacura,Casa,80.79820625030129,80.79820625030129,5,3,2,28,1,Nororiente,133041.28003171948,False,False,274308000.0
La Reina,Departamento,150.43194149369972,75.80250194270872,4,4,1,31,16,Suroriente,144037.2913778146,False,False,173267000.0
Vitacura,Casa,62.89346752843266,62.89346752843266,3,2,0,16,1,Norte,132830.07390715243,False,False,123485000.0
Huechuraba,Casa,220.74392805621068,96.13763903817086,5,1,1,13,1,Norponiente,220664.77034639256,True,False,132826000.0
Independencia,Casa,199.1248181790101,97.11115691719523,2,2,2,39,1,Norte,93601.75579109309,True,False,64688000.0
Vitacura,Departamento,145.67477384605075,92.16307279387885,5,3,2,35,22,Norte,141614.6672059853,True,False,327197000.0
Santiago Centro,Casa,141.4665510909951,93.80626090729857,1,3,0,23,1,Surponiente,108615.33920756294,True,False,96652000.0
Ñuñoa,Departamento,139.12207089096492,60.05815461517048,2,3,2,26,16,Surponiente,50000.0,True,False,94619000.0
Ñuñoa,Departamento,95.54526070405464,95.54526070405464,1,3,3,24,19,Norte,110326.35885657775,True,False,148328000.0
Santiago Centro,Casa,134.86548228404212,113.96927788451865,2,1,3,31,1,Suroriente,73175.14720407297,True,False,74435000.0
Puente Alto,Casa,73.84336947710759,36.55966533458168,5,2,0,17,1,Surponiente,116658.8770579793,False,False,27619000.0
Providencia,Casa,145.19092092200907,74.43350731656132,4,1,3,17,1,Norte,118679.87393341475,False,False,155127000.0
San Miguel,Departamento,163.39234715156476,93.72319490157787,3,1,1,36,5,Oeste,139267.89439696688,True,True,81198000.0
Puente Alto,Casa,101.09569495083328,68.62747990895302,1,1,0,25,1,Nororiente,93491.03123419154,False,False,15241000.0
Las Condes,Casa,90.24491029226402,90.24491029226402,5,3,0,8,1,Surponiente,99745.35421315295,True,False,351308000.0
Macul,Casa,59.37614876760451,59.37614876760451,4,3,1,34,1,Surponiente,155034.68264049746,True,False,88482000.0
San Miguel,Casa,192.89776167828455,96.76290117820747,5,3,3,7,1,Norponiente,79547.07352594387,True,False,224403000.0
San Miguel,Casa,94.21679830788943,73.97162770067706,1,2,3,19,1,Norte,50000.0,False,False,59116000.0
Las Condes,Departamento,110.06304819916885,25.0,3,4,3,21,1,Norte,127851.56784632406,True,False,90455000.0
Vitacura,Departamento,135.00777924978627,25.0,5,3,0,18,7,Norte,173542.43737841223,True,False,86470000.0
La Reina,Casa,134.11038214449673,113.58438186768109,2,2,0,29,1,Norte,154459.0237823443,True,False,133336000.0
La Reina,Casa,157.3280047840535,100.67648305957576,4,3,3,27,1,Surponiente,128774.20977651517,True,False,284836000.0
Ñuñoa,Casa,101.03350400808357,101.03350400808357,5,3,2,34,1,Sur,182532.2671674389,False,False,178155000.0
Maipú,Casa,63.06660307645435,63.06660307645435,4,1,3,10,1,Sur,174100.8619582458,True,False,55425000.0
Puente Alto,Departamento,54.3167345513842,54.3167345513842,2,1,1,30,20,Este,103454.27361354697,False,False,20048000.0
Huechuraba,Casa,91.03723835785767,91.03723835785767,3,1,0,38,1,Norte,132376.08641685348,False,False,56130000.0
Independencia,Departamento,72.4074762662688,72.4074762662688,3,2,1,35,23,Este,134523.01113182202,True,False,56563000.0
Conchalí,Departamento,104.81916473461209,104.81916473461209,2,4,1,29,9,Oeste,115662.46856287152,True,False,76487000.0
La Florida,Casa,185.37894053799914,96.85847364906388,4,4,0,22,1,Este,176712.37854369392,False,False,100987000.0
La Reina,Departamento,101.13608970581555,77.98473037920915,5,2,2,18,14,Nororiente,112392.97833016144,False,False,176607000.0
Independencia,Departamento,101.11745693327217,97.76811448624983,2,3,3,11,16,Sur,94986.05544975022,False,False,92841000.0
La Florida,Departamento,119.18006118721058,56.55288474050813,1,2,1,14,1,Sur,50000.0,False,False,26737000.0
Independencia,Departamento,99.71875043939669,74.80612284352364,4,3,0,30,2,Norte,80084.80588131443,True,False,65706000.0
Vitacura,Casa,116.6304382140903,97.10285234560148,3,2,1,36,1,Surponiente,54229.104559828396,False,False,182291000.0
La Florida,Casa,147.04346112406733,96.57273327604047,2,2,3,36,1,Norte,117980.19243667822,False,False,61278000.0
Conchalí,Departamento,164.2375527381657,85.74324479988046,3,2,2,14,22,Oeste,57315.53747686227,False,True,53605000.0
Independencia,Casa,170.16065998695117,34.472611593031736,4,4,2,28,1,Norponiente,150434.23708344507,False,False,37405000.0
Santiago Centro,Casa,222.84261103655098,115.45638185682857,3,1,2,25,1,Oeste,175421.88041070194,True,False,107973000.0
Conchalí,Casa,148.46797230862188,123.36913626398197,2,2,0,1,1,Nororiente,118442.16207059401,True,False,69633000.0
La Florida,Casa,231.72394506746545,155.74761981008953,4,4,0,19,1,Norte,70799.11418681292,True,False,196512000.0
Conchalí,Casa,81.17590959701785,81.17590959701785,1,1,2,14,1,Norte,134320.0188090767,False,False,20807000.0
Independencia,Departamento,224.56424512122925,90.05847336765932,2,1,3,3,16,Oeste,214673.7529044014,False,False,49219000.0
Providencia,Casa,100.98119728902049,49.478819615594006,5,2,3,21,1,Oeste,199124.03146622804,True,False,148593000.0
Independencia,Casa,105.89905346184823,105.89905346184823,2,3,0,37,1,Oeste,50000.0,True,False,75981000.0
Independencia,Casa,114.00637262885633,99.91331907496094,4,3,2,22,1,Sur,50000.0,False,False,93204000.0
Vitacura,Casa,109.06896444206345,97.73492695301826,2,3,3,25,1,Este,50000.0,True,False,271980000.0
Puente Alto,Departamento,124.29201983632515,79.83775207284592,1,2,3,10,13,Este,63151.02731248394,False,True,43716000.0
Santiago Centro,Departamento,90.99859987557804,77.28121734260552,1,3,3,27,11,Norte,132579.6234384315,False,True,71465000.0
Huechuraba,Departamento,161.4981086535686,117.53066936203388,5,4,0,1,17,Sur,92165.28624150375,False,False,235340000.0
La Reina,Departamento,92.35824826894103,49.14237509365633,3,4,2,7,17,Oeste,78066.49820576953,False,True,169276000.0
San Miguel,Casa,152.7805199126446,152.7805199126446,4,4,1,28,1,Norte,171955.4883758226,False,False,238113000.0
Las Condes,Departamento,196.38618097618823,146.30105830153488,4,4,2,10,13,Sur,146504.65595438133,False,True,662772000.0
Puente Alto,Casa,102.14488150961301,75.83753812531643,3,1,2,36,1,Nororiente,50000.0,True,False,39569000.0
Las Condes,Casa,159.71917089895888,55.4454173650783,1,4,0,17,1,Norponiente,169086.23371048179,True,False,132557000.0
Vitacura,Casa,147.95796444515923,25.0,1,3,3,13,1,Sur,145301.73612310193,True,False,64889000.0
Santiago Centro,Casa,232.6443441109875,39.94344510063093,2,2,3,9,1,Suroriente,146413.16290151863,False,False,43270000.0
Recoleta,Casa,94.7584717577525,94.7584717577525,5,3,0,34,1,Norte,91476.29880347155,True,False,102308000.0
Independencia,Departamento,159.7535808402892,102.61367435602615,5,4,0,8,15,Surponiente,110634.79101025549,False,True,147879000.0
Recoleta,Departamento,38.69944541117235,38.69944541117235,5,1,0,34,9,Este,50000.0,False,True,27768000.0
Recoleta,Departamento,95.20707946315935,25.0,2,4,0,10,10,Suroriente,163349.33362673127,False,True,25495000.0
Macul,Departamento,137.66964187984541,74.16737519589343,5,2,0,11,8,Oeste,70053.64943493422,False,True,98396000.0
Ñuñoa,Casa,189.65799845448907,144.6909122512833,3,3,1,2,1,Norponiente,76468.5484453028,True,False,293502000.0
Recoleta,Departamento,58.70333175078986,58.70333175078986,2,2,2,38,13,Surponiente,75792.93528201416,True,False,40792000.0
La Reina,Casa,159.30453203705554,39.10821061504059,3,2,2,13,1,Nororiente,210020.05584519095,True,False,85021000.0
Providencia,Departamento,116.83882717585206,85.53590676628394,2,2,2,27,5,Surponiente,86564.79676188566,False,False,123184000.0
Ñuñoa,Casa,43.923617330384374,43.923617330384374,5,3,3,10,1,Norponiente,167113.01367718616,True,False,121184000.0
Vitacura,Casa,129.0793422974395,103.34716239781588,3,4,1,38,1,Surponiente,118800.3947558609,True,False,299970000.0
San Miguel,Departamento,205.4580616489106,90.8218151555086,3,2,2,24,11,Norponiente,78544.51432822604,True,False,109864000.0
Puente Alto,Casa,63.97886700441915,63.97886700441915,3,3,3,20,1,Sur,69479.99733601513,False,False,61498000.0
Providencia,Casa,114.50311423149083,41.2830549293955,2,1,1,9,1,Norte,88557.1956258004,True,False,49997000.0
Conchalí,Departamento,70.66805076802169,70.66805076802169,4,3,1,14,9,Surponiente,116276.92966120629,False,True,60492000.0
La Florida,Casa,96.57085340449922,96.57085340449922,5,1,3,18,1,Surponiente,150086.8553194087,True,False,111638000.0
Macul,Departamento,191.60850717623165,35.82879782258074,3,3,1,21,5,Norte,96450.4160254792,False,True,39903000.0
Providencia,Departamento,106.42377622543087,49.875519358400865,4,4,3,20,1,Norponiente,94579.41291098401,True,False,167560000.0
Huechuraba,Departamento,190.07828687576634,97.97189239968256,5,2,2,31,4,Oeste,75942.24275489629,True,True,131324000.0
Recoleta,Casa,175.45270239657933,101.46919356335165,5,4,3,22,1,Norte,60297.892926988854,True,False,196705000.0
Vitacura,Casa,101.8631043257776,70.4460062902892,3,3,1,12,1,Norponiente,56115.44901238689,False,False,199711000.0
Maipú,Casa,94.87002696968838,78.862684694446,3,2,2,4,1,Norte,169401.44589698006,True,False,82617000.0
La Florida,Departamento,75.2000596592749,75.2000596592749,2,1,2,3,9,Oeste,93558.04576895639,True,False,51347000.0
Las Condes,Casa,73.45594029032979,73.45594029032979,4,3,0,27,1,Nororiente,97986.20502221171,False,False,172874000.0
La Reina,Departamento,137.66036972539214,47.23113338840963,4,2,0,13,23,Suroriente,86669.37085095739,False,True,96371000.0
Las Condes,Departamento,119.01073423925172,104.572780825118,3,1,1,7,12,Norponiente,104157.18550361882,False,False,164160000.0
Providencia,Casa,88.81972825353967,88.81972825353967,5,1,3,8,1,Este,138553.7087161717,False,False,221152000.0
San Miguel,Departamento,42.56185389383606,42.56185389383606,3,4,3,34,2,Este,95655.95894151891,True,False,65764000.0
Las Condes,Casa,125.30893839111059,46.806433848459235,5,3,1,36,1,Norponiente,129036.99437152853,True,False,148754000.0
Huechuraba,Casa,96.52239104693334,44.95632364691134,5,1,2,20,1,Sur,190910.42447488202,False,False,48059000.0
Vitacura,Casa,110.2351152208953,83.57050234752545,3,2,1,17,1,Nororiente,79016.7991906397,True,False,211449000.0
Conchalí,Casa,135.23309143490408,131.43389219470475,1,1,1,32,1,Sur,98026.58650048956,False,False,23355000.0
San Miguel,Casa,30.0,30.0,4,1,2,7,1,Suroriente,152053.01347059043,True,False,46258000.0
Puente Alto,Departamento,43.33626981454377,43.33626981454377,5,4,3,16,2,Este,194864.8083590963,False,True,56351000.0
La Reina,Departamento,234.82215384025943,50.14633271304784,5,4,1,30,2,Oeste,57884.48610618994,True,False,129311000.0
Huechuraba,Departamento,94.66947466501911,94.66947466501911,1,2,3,33,10,Norponiente,50000.0,False,True,68488000.0
Huechuraba,Casa,30.0,30.0,2,4,1,5,1,Suroriente,119969.68245638542,False,False,44305000.0
Las Condes,Casa,47.50299102418737,47.50299102418737,1,1,2,21,1,Surponiente,114806.15515140977,True,False,50034000.0
Recoleta,Casa,244.22336843207165,115.19659448185176,1,1,2,13,1,Surponiente,155008.46480830494,True,False,44264000.0
Las Condes,Departamento,84.850126986508,25.0,5,4,0,2,21,Norte,147378.01733105068,True,True,120441000.0
Providencia,Casa,177.95076224485783,96.95844598742832,4,1,2,11,1,Este,118301.83870628635,False,False,196594000.0
Puente Alto,Departamento,126.05589991686026,48.43705734432875,1,1,0,35,16,Nororiente,172460.74266833955,True,True,13816000.0
Ñuñoa,Departamento,95.75164812505145,90.66197595636453,2,2,1,11,18,Este,85949.117257367,False,False,100901000.0
San Miguel,Casa,158.77227353815465,75.91777569152254,3,4,3,1,1,Nororiente,130579.03960383775,True,False,207431000.0
Las Condes,Casa,30.0,30.0,1,1,2,1,1,Nororiente,59214.63855928401,True,False,36925000.0
Vitacura,Departamento,47.94336900716986,47.94336900716986,1,4,2,14,21,Norponiente,117893.58619123409,False,False,143592000.0
Maipú,Casa,95.38244939302196,95.38244939302196,2,2,2,22,1,Nororiente,50000.0,False,False,56235000.0
La Reina,Departamento,52.85478008651958,52.85478008651958,4,4,1,28,8,Sur,64207.82265118498,True,False,130930000.0
Independencia,Casa,90.96111057480142,57.94164117081087,1,1,0,16,1,Surponiente,205472.59187449602,False,False,17521000.0
Las Condes,Casa,162.68565228414138,103.23243701039027,1,4,1,31,1,Suroriente,50000.0,False,False,210563000.0
Vitacura,Departamento,126.60683606679905,77.82361014648752,4,1,3,6,5,Oeste,109167.415229262,True,False,227019000.0
San Miguel,Casa,186.53085177547945,99.68629962964935,2,1,1,29,1,Este,161360.7561362334,False,False,49108000.0
Vitacura,Departamento,129.76876421758723,61.44436050266933,1,1,3,27,19,Oeste,231067.77908447143,True,False,61523000.0
La Reina,Casa,169.62304157472633,157.60710533383832,4,2,2,13,1,Suroriente,128853.75208830241,True,False,396860000.0
Ñuñoa,Departamento,116.79648499357512,116.79648499357512,1,4,3,29,6,Norte,131711.0063031346,False,False,141652000.0
Vitacura,Departamento,90.48622583201086,90.48622583201086,3,2,3,16,11,Suroriente,121984.26908738747,True,True,272584000.0
Maipú,Casa,194.0284027770944,159.16459072278136,5,4,0,31,1,Este,172861.72023420813,False,False,157673000.0
Vitacura,Departamento,84.53248560319666,84.53248560319666,3,2,3,5,11,Surponiente,141585.17826189494,True,True,306664000.0
Vitacura,Casa,137.19224115621498,133.90499859444657,1,3,3,23,1,Oeste,91245.61066035574,False,False,249099000.0
Vitacura,Casa,158.44486816122367,91.53202350089698,2,1,1,5,1,Oeste,175775.58457143634,False,False,133579000.0
Conchalí,Casa,162.07463522354283,105.75550379242314,5,1,2,26,1,Norponiente,96890.46420760865,False,False,62446000.0
Conchalí,Departamento,61.72786648899902,61.72786648899902,3,2,1,17,18,Norponiente,50000.0,False,True,37665000.0
Ñuñoa,Departamento,172.59752029141328,93.81205415495748,4,3,1,23,18,Suroriente,50000.0,False,False,159693000.0
Las Condes,Casa,71.05223769463649,71.05223769463649,2,1,2,36,1,Suroriente,109946.59267876587,True,False,83312000.0
Vitacura,Casa,160.5351827674997,63.21072670046426,3,4,2,23,1,Norte,125152.07828856942,True,False,239852000.0
Macul,Departamento,146.75867355245495,73.95725332307649,4,2,3,37,9,Nororiente,167781.46365243697,False,True,95048000.0
Puente Alto,Casa,160.9315330889949,81.32979934055312,1,1,3,33,1,Este,152040.82058905507,True,False,25246000.0
Macul,Casa,59.749823945048625,59.749823945048625,4,1,0,39,1,Norponiente,123992.54726031721,False,False,48368000.0
